sample,label,weight
Hemo_predi/Data_pk/pc6/8DL49zs_both_/15988.pickle,1,1.0
Hemo_predi/Data_pk/pc6/8DL49zs_both_/19902.pickle,1,1.0
Hemo_predi/Data_pk/pc6/8DL49zs_both_/17182.pickle,1,1.0
Hemo_predi/Data_pk/pc6/8DL49zs_both_/3326.pickle,1,1.0
Hemo_predi/Data_pk/pc6/8DL49zs_both_/17878.pickle,1,1.0
Hemo_predi/Data_pk/pc6/8DL49zs_both_/13825.pickle,1,1.0
Hemo_predi/Data_pk/pc6/8DL49zs_both_/9879.pickle,1,1.0
Hemo_predi/Data_pk/pc6/8DL49zs_both_/6898.pickle,1,1.0
Hemo_predi/Data_pk/pc6/8DL49zs_both_/3491.pickle,1,1.0
Hemo_predi/Data_pk/pc6/8DL49zs_both_/13350.pickle,1,1.0
Hemo_predi/Data_pk/pc6/8DL49zs_both_/3105.pickle,1,1.0
Hemo_predi/Data_pk/pc6/8DL49zs_both_/3247.pickle,1,1.0
Hemo_predi/Data_pk/pc6/8DL49zs_both_/13841.pickle,1,1.0
Hemo_predi/Data_pk/pc6/8DL49zs_both_/19502.pickle,1,1.0
Hemo_predi/Data_pk/pc6/8DL49zs_both_/13842.pickle,1,1.0
Hemo_predi/Data_pk/pc6/8DL49zs_both_/19486.pickle,1,1.0
Hemo_predi/Data_pk/pc6/8DL49zs_both_/17518.pickle,1,1.0
Hemo_predi/Data_pk/pc6/8DL49zs_both_/18168.pickle,1,1.0
Hemo_predi/Data_pk/pc6/8DL49zs_both_/16036.pickle,1,1.0
Hemo_predi/Data_pk/pc6/8DL49zs_both_/14264.pickle,1,1.0
Hemo_predi/Data_pk/pc6/8DL49zs_both_/615.pickle,1,1.0
Hemo_predi/Data_pk/pc6/8DL49zs_both_/14271.pickle,1,1.0
Hemo_predi/Data_pk/pc6/8DL49zs_both_/2535.pickle,1,1.0
Hemo_predi/Data_pk/pc6/8DL49zs_both_/14270.pickle,1,1.0
Hemo_predi/Data_pk/pc6/8DL49zs_both_/16226.pickle,1,1.0
Hemo_predi/Data_pk/pc6/8DL49zs_both_/14265.pickle,1,1.0
Hemo_predi/Data_pk/pc6/8DL49zs_both_/11952.pickle,1,1.0
Hemo_predi/Data_pk/pc6/8DL49zs_both_/3490.pickle,1,1.0
Hemo_predi/Data_pk/pc6/8DL49zs_both_/11302.pickle,1,1.0
Hemo_predi/Data_pk/pc6/8DL49zs_both_/4952.pickle,1,1.0
Hemo_predi/Data_pk/pc6/8DL49zs_both_/4846.pickle,1,1.0
Hemo_predi/Data_pk/pc6/8DL49zs_both_/10210.pickle,1,1.0
Hemo_predi/Data_pk/pc6/8DL49zs_both_/14268.pickle,1,1.0
Hemo_predi/Data_pk/pc6/8DL49zs_both_/3482.pickle,1,1.0
Hemo_predi/Data_pk/pc6/8DL49zs_both_/19473.pickle,1,1.0
Hemo_predi/Data_pk/pc6/8DL49zs_both_/19468.pickle,1,1.0
Hemo_predi/Data_pk/pc6/8DL49zs_both_/15942.pickle,1,1.0
Hemo_predi/Data_pk/pc6/8DL49zs_both_/2205.pickle,1,1.0
Hemo_predi/Data_pk/pc6/8DL49zs_both_/3103.pickle,1,1.0
Hemo_predi/Data_pk/pc6/8DL49zs_both_/3365.pickle,1,1.0
Hemo_predi/Data_pk/pc6/8DL49zs_both_/13787.pickle,1,1.0
Hemo_predi/Data_pk/pc6/8DL49zs_both_/17794.pickle,1,1.0
Hemo_predi/Data_pk/pc6/8DL49zs_both_/3483.pickle,1,1.0
Hemo_predi/Data_pk/pc6/8DL49zs_both_/15965.pickle,1,1.0
Hemo_predi/Data_pk/pc6/8DL49zs_both_/14784.pickle,1,1.0
Hemo_predi/Data_pk/pc6/8DL49zs_both_/13716.pickle,1,1.0
Hemo_predi/Data_pk/pc6/8DL49zs_both_/16217.pickle,1,1.0
Hemo_predi/Data_pk/pc6/8DL49zs_both_/9494.pickle,1,1.0
Hemo_predi/Data_pk/pc6/8DL49zs_both_/3360.pickle,1,1.0
Hemo_predi/Data_pk/pc6/8DL49zs_both_/6965.pickle,1,1.0
Hemo_predi/Data_pk/pc6/8DL49zs_both_/10965.pickle,1,1.0
Hemo_predi/Data_pk/pc6/8DL49zs_both_/16246.pickle,1,1.0
Hemo_predi/Data_pk/pc6/8DL49zs_both_/1884.pickle,1,1.0
Hemo_predi/Data_pk/pc6/8DL49zs_both_/14785.pickle,1,1.0
Hemo_predi/Data_pk/pc6/8DL49zs_both_/16493.pickle,1,1.0
Hemo_predi/Data_pk/pc6/8DL49zs_both_/2201.pickle,1,1.0
Hemo_predi/Data_pk/pc6/8DL49zs_both_/7707.pickle,1,1.0
Hemo_predi/Data_pk/pc6/8DL49zs_both_/19700.pickle,1,1.0
Hemo_predi/Data_pk/pc6/8DL49zs_both_/1005.pickle,1,1.0
Hemo_predi/Data_pk/pc6/8DL49zs_both_/4277.pickle,1,1.0
Hemo_predi/Data_pk/pc6/8DL49zs_both_/2497.pickle,1,1.0
Hemo_predi/Data_pk/pc6/8DL49zs_both_/5513.pickle,1,1.0
Hemo_predi/Data_pk/pc6/8DL49zs_both_/3006.pickle,1,1.0
Hemo_predi/Data_pk/pc6/8DL49zs_both_/4483.pickle,1,1.0
Hemo_predi/Data_pk/pc6/8DL49zs_both_/11220.pickle,1,1.0
Hemo_predi/Data_pk/pc6/8DL49zs_both_/6527.pickle,1,1.0
Hemo_predi/Data_pk/pc6/8DL49zs_both_/13365.pickle,1,1.0
Hemo_predi/Data_pk/pc6/8DL49zs_both_/4480.pickle,1,1.0
Hemo_predi/Data_pk/pc6/8DL49zs_both_/6543.pickle,1,1.0
Hemo_predi/Data_pk/pc6/8DL49zs_both_/2059.pickle,1,1.0
Hemo_predi/Data_pk/pc6/8DL49zs_both_/2252.pickle,1,1.0
Hemo_predi/Data_pk/pc6/8DL49zs_both_/3193.pickle,1,1.0
Hemo_predi/Data_pk/pc6/8DL49zs_both_/8270.pickle,1,1.0
Hemo_predi/Data_pk/pc6/8DL49zs_both_/5064.pickle,1,1.0
Hemo_predi/Data_pk/pc6/8DL49zs_both_/971.pickle,1,1.0
Hemo_predi/Data_pk/pc6/8DL49zs_both_/8271.pickle,1,1.0
Hemo_predi/Data_pk/pc6/8DL49zs_both_/5351.pickle,1,1.0
Hemo_predi/Data_pk/pc6/8DL49zs_both_/2023.pickle,1,1.0
Hemo_predi/Data_pk/pc6/8DL49zs_both_/2258.pickle,1,1.0
Hemo_predi/Data_pk/pc6/8DL49zs_both_/8282.pickle,1,1.0
Hemo_predi/Data_pk/pc6/8DL49zs_both_/123.pickle,1,1.0
Hemo_predi/Data_pk/pc6/8DL49zs_both_/1771.pickle,1,1.0
Hemo_predi/Data_pk/pc6/8DL49zs_both_/5177.pickle,1,1.0
Hemo_predi/Data_pk/pc6/8DL49zs_both_/13796.pickle,1,1.0
Hemo_predi/Data_pk/pc6/8DL49zs_both_/969.pickle,1,1.0
Hemo_predi/Data_pk/pc6/8DL49zs_both_/4405.pickle,1,1.0
Hemo_predi/Data_pk/pc6/8DL49zs_both_/11253.pickle,1,1.0
Hemo_predi/Data_pk/pc6/8DL49zs_both_/774.pickle,1,1.0
Hemo_predi/Data_pk/pc6/8DL49zs_both_/12167.pickle,1,1.0
Hemo_predi/Data_pk/pc6/8DL49zs_both_/11525.pickle,1,1.0
Hemo_predi/Data_pk/pc6/8DL49zs_both_/12161.pickle,1,1.0
Hemo_predi/Data_pk/pc6/8DL49zs_both_/3583.pickle,1,1.0
Hemo_predi/Data_pk/pc6/8DL49zs_both_/13363.pickle,1,1.0
Hemo_predi/Data_pk/pc6/8DL49zs_both_/708.pickle,1,1.0
Hemo_predi/Data_pk/pc6/8DL49zs_both_/16648.pickle,1,1.0
Hemo_predi/Data_pk/pc6/8DL49zs_both_/18743.pickle,1,1.0
Hemo_predi/Data_pk/pc6/8DL49zs_both_/1412.pickle,1,1.0
Hemo_predi/Data_pk/pc6/8DL49zs_both_/13506.pickle,1,1.0
Hemo_predi/Data_pk/pc6/8DL49zs_both_/1420.pickle,1,1.0
Hemo_predi/Data_pk/pc6/8DL49zs_both_/535.pickle,1,1.0
Hemo_predi/Data_pk/pc6/8DL49zs_both_/5363.pickle,1,1.0
Hemo_predi/Data_pk/pc6/8DL49zs_both_/1887.pickle,1,1.0
Hemo_predi/Data_pk/pc6/8DL49zs_both_/5364.pickle,1,1.0
Hemo_predi/Data_pk/pc6/8DL49zs_both_/2537.pickle,1,1.0
Hemo_predi/Data_pk/pc6/8DL49zs_both_/5238.pickle,1,1.0
Hemo_predi/Data_pk/pc6/8DL49zs_both_/995.pickle,1,1.0
Hemo_predi/Data_pk/pc6/8DL49zs_both_/8878.pickle,1,1.0
Hemo_predi/Data_pk/pc6/8DL49zs_both_/13911.pickle,1,1.0
Hemo_predi/Data_pk/pc6/8DL49zs_both_/11228.pickle,1,1.0
Hemo_predi/Data_pk/pc6/8DL49zs_both_/4210.pickle,1,1.0
Hemo_predi/Data_pk/pc6/8DL49zs_both_/4798.pickle,1,1.0
Hemo_predi/Data_pk/pc6/8DL49zs_both_/115.pickle,1,1.0
Hemo_predi/Data_pk/pc6/8DL49zs_both_/4361.pickle,1,1.0
Hemo_predi/Data_pk/pc6/8DL49zs_both_/12418.pickle,1,1.0
Hemo_predi/Data_pk/pc6/8DL49zs_both_/16599.pickle,1,1.0
Hemo_predi/Data_pk/pc6/8DL49zs_both_/16594.pickle,1,1.0
Hemo_predi/Data_pk/pc6/8DL49zs_both_/9466.pickle,1,1.0
Hemo_predi/Data_pk/pc6/8DL49zs_both_/1495.pickle,1,1.0
Hemo_predi/Data_pk/pc6/8DL49zs_both_/4368.pickle,1,1.0
Hemo_predi/Data_pk/pc6/8DL49zs_both_/16600.pickle,1,1.0
Hemo_predi/Data_pk/pc6/8DL49zs_both_/1470.pickle,1,1.0
Hemo_predi/Data_pk/pc6/8DL49zs_both_/18167.pickle,1,1.0
Hemo_predi/Data_pk/pc6/8DL49zs_both_/113.pickle,1,1.0
Hemo_predi/Data_pk/pc6/8DL49zs_both_/5354.pickle,1,1.0
Hemo_predi/Data_pk/pc6/8DL49zs_both_/117.pickle,1,1.0
Hemo_predi/Data_pk/pc6/8DL49zs_both_/16001.pickle,1,1.0
Hemo_predi/Data_pk/pc6/8DL49zs_both_/17201.pickle,1,1.0
Hemo_predi/Data_pk/pc6/8DL49zs_both_/6397.pickle,1,1.0
Hemo_predi/Data_pk/pc6/8DL49zs_both_/17197.pickle,1,1.0
Hemo_predi/Data_pk/pc6/8DL49zs_both_/19672.pickle,1,1.0
Hemo_predi/Data_pk/pc6/8DL49zs_both_/12233.pickle,1,1.0
Hemo_predi/Data_pk/pc6/8DL49zs_both_/9157.pickle,1,1.0
Hemo_predi/Data_pk/pc6/8DL49zs_both_/11852.pickle,1,1.0
Hemo_predi/Data_pk/pc6/8DL49zs_both_/4917.pickle,1,1.0
Hemo_predi/Data_pk/pc6/8DL49zs_both_/9469.pickle,1,1.0
Hemo_predi/Data_pk/pc6/8DL49zs_both_/17986.pickle,1,1.0
Hemo_predi/Data_pk/pc6/8DL49zs_both_/4363.pickle,1,1.0
Hemo_predi/Data_pk/pc6/8DL49zs_both_/13986.pickle,1,1.0
Hemo_predi/Data_pk/pc6/8DL49zs_both_/4595.pickle,1,1.0
Hemo_predi/Data_pk/pc6/8DL49zs_both_/12110.pickle,1,1.0
Hemo_predi/Data_pk/pc6/8DL49zs_both_/8610.pickle,1,1.0
Hemo_predi/Data_pk/pc6/8DL49zs_both_/4925.pickle,1,1.0
Hemo_predi/Data_pk/pc6/8DL49zs_both_/19967.pickle,1,1.0
Hemo_predi/Data_pk/pc6/8DL49zs_both_/12378.pickle,1,1.0
Hemo_predi/Data_pk/pc6/8DL49zs_both_/6541.pickle,1,1.0
Hemo_predi/Data_pk/pc6/8DL49zs_both_/5535.pickle,1,1.0
Hemo_predi/Data_pk/pc6/8DL49zs_both_/13890.pickle,1,1.0
Hemo_predi/Data_pk/pc6/8DL49zs_both_/1404.pickle,1,1.0
Hemo_predi/Data_pk/pc6/8DL49zs_both_/2027.pickle,1,1.0
Hemo_predi/Data_pk/pc6/8DL49zs_both_/12231.pickle,1,1.0
Hemo_predi/Data_pk/pc6/8DL49zs_both_/11383.pickle,1,1.0
Hemo_predi/Data_pk/pc6/8DL49zs_both_/13659.pickle,1,1.0
Hemo_predi/Data_pk/pc6/8DL49zs_both_/10077.pickle,1,1.0
Hemo_predi/Data_pk/pc6/8DL49zs_both_/550.pickle,1,1.0
Hemo_predi/Data_pk/pc6/8DL49zs_both_/15922.pickle,1,1.0
Hemo_predi/Data_pk/pc6/8DL49zs_both_/1273.pickle,1,1.0
Hemo_predi/Data_pk/pc6/8DL49zs_both_/8917.pickle,1,1.0
Hemo_predi/Data_pk/pc6/8DL49zs_both_/6540.pickle,1,1.0
Hemo_predi/Data_pk/pc6/8DL49zs_both_/12635.pickle,1,1.0
Hemo_predi/Data_pk/pc6/8DL49zs_both_/20009.pickle,1,1.0
Hemo_predi/Data_pk/pc6/8DL49zs_both_/16499.pickle,0,1.0
Hemo_predi/Data_pk/pc6/8DL49zs_both_/14730.pickle,0,1.0
Hemo_predi/Data_pk/pc6/8DL49zs_both_/11552.pickle,0,1.0
Hemo_predi/Data_pk/pc6/8DL49zs_both_/8864.pickle,0,1.0
Hemo_predi/Data_pk/pc6/8DL49zs_both_/8038.pickle,0,1.0
Hemo_predi/Data_pk/pc6/8DL49zs_both_/2865.pickle,0,1.0
Hemo_predi/Data_pk/pc6/8DL49zs_both_/8495.pickle,0,1.0
Hemo_predi/Data_pk/pc6/8DL49zs_both_/7629.pickle,0,1.0
Hemo_predi/Data_pk/pc6/8DL49zs_both_/1018.pickle,0,1.0
Hemo_predi/Data_pk/pc6/8DL49zs_both_/3481.pickle,0,1.0
Hemo_predi/Data_pk/pc6/8DL49zs_both_/11554.pickle,0,1.0
Hemo_predi/Data_pk/pc6/8DL49zs_both_/4654.pickle,0,1.0
Hemo_predi/Data_pk/pc6/8DL49zs_both_/16803.pickle,0,1.0
Hemo_predi/Data_pk/pc6/8DL49zs_both_/944.pickle,0,1.0
Hemo_predi/Data_pk/pc6/8DL49zs_both_/17005.pickle,0,1.0
Hemo_predi/Data_pk/pc6/8DL49zs_both_/9672.pickle,0,1.0
Hemo_predi/Data_pk/pc6/8DL49zs_both_/14728.pickle,0,1.0
Hemo_predi/Data_pk/pc6/8DL49zs_both_/19198.pickle,0,1.0
Hemo_predi/Data_pk/pc6/8DL49zs_both_/4525.pickle,0,1.0
Hemo_predi/Data_pk/pc6/8DL49zs_both_/16788.pickle,0,1.0
Hemo_predi/Data_pk/pc6/8DL49zs_both_/13454.pickle,0,1.0
Hemo_predi/Data_pk/pc6/8DL49zs_both_/16914.pickle,0,1.0
Hemo_predi/Data_pk/pc6/8DL49zs_both_/10115.pickle,0,1.0
Hemo_predi/Data_pk/pc6/8DL49zs_both_/14644.pickle,0,1.0
Hemo_predi/Data_pk/pc6/8DL49zs_both_/742.pickle,0,1.0
Hemo_predi/Data_pk/pc6/8DL49zs_both_/13161.pickle,0,1.0
Hemo_predi/Data_pk/pc6/8DL49zs_both_/15846.pickle,0,1.0
Hemo_predi/Data_pk/pc6/8DL49zs_both_/19097.pickle,0,1.0
Hemo_predi/Data_pk/pc6/8DL49zs_both_/12591.pickle,0,1.0
Hemo_predi/Data_pk/pc6/8DL49zs_both_/16589.pickle,0,1.0
Hemo_predi/Data_pk/pc6/8DL49zs_both_/2521.pickle,0,1.0
Hemo_predi/Data_pk/pc6/8DL49zs_both_/2532.pickle,0,1.0
Hemo_predi/Data_pk/pc6/8DL49zs_both_/17000.pickle,0,1.0
Hemo_predi/Data_pk/pc6/8DL49zs_both_/8079.pickle,0,1.0
Hemo_predi/Data_pk/pc6/8DL49zs_both_/7127.pickle,0,1.0
Hemo_predi/Data_pk/pc6/8DL49zs_both_/2527.pickle,0,1.0
Hemo_predi/Data_pk/pc6/8DL49zs_both_/4761.pickle,0,1.0
Hemo_predi/Data_pk/pc6/8DL49zs_both_/16910.pickle,0,1.0
Hemo_predi/Data_pk/pc6/8DL49zs_both_/19573.pickle,0,1.0
Hemo_predi/Data_pk/pc6/8DL49zs_both_/13451.pickle,0,1.0
Hemo_predi/Data_pk/pc6/8DL49zs_both_/14066.pickle,0,1.0
Hemo_predi/Data_pk/pc6/8DL49zs_both_/6821.pickle,0,1.0
Hemo_predi/Data_pk/pc6/8DL49zs_both_/2854.pickle,0,1.0
Hemo_predi/Data_pk/pc6/8DL49zs_both_/9335.pickle,0,1.0
Hemo_predi/Data_pk/pc6/8DL49zs_both_/6812.pickle,0,1.0
Hemo_predi/Data_pk/pc6/8DL49zs_both_/8771.pickle,0,1.0
Hemo_predi/Data_pk/pc6/8DL49zs_both_/16907.pickle,0,1.0
Hemo_predi/Data_pk/pc6/8DL49zs_both_/10466.pickle,0,1.0
Hemo_predi/Data_pk/pc6/8DL49zs_both_/6813.pickle,0,1.0
Hemo_predi/Data_pk/pc6/8DL49zs_both_/10852.pickle,0,1.0
Hemo_predi/Data_pk/pc6/8DL49zs_both_/13015.pickle,0,1.0
Hemo_predi/Data_pk/pc6/8DL49zs_both_/13693.pickle,0,1.0
Hemo_predi/Data_pk/pc6/8DL49zs_both_/10330.pickle,0,1.0
Hemo_predi/Data_pk/pc6/8DL49zs_both_/12207.pickle,0,1.0
Hemo_predi/Data_pk/pc6/8DL49zs_both_/13029.pickle,0,1.0
Hemo_predi/Data_pk/pc6/8DL49zs_both_/622.pickle,0,1.0
Hemo_predi/Data_pk/pc6/8DL49zs_both_/14001.pickle,0,1.0
Hemo_predi/Data_pk/pc6/8DL49zs_both_/13013.pickle,0,1.0
Hemo_predi/Data_pk/pc6/8DL49zs_both_/14000.pickle,0,1.0
Hemo_predi/Data_pk/pc6/8DL49zs_both_/14701.pickle,0,1.0
Hemo_predi/Data_pk/pc6/8DL49zs_both_/15110.pickle,0,1.0
Hemo_predi/Data_pk/pc6/8DL49zs_both_/13671.pickle,0,1.0
Hemo_predi/Data_pk/pc6/8DL49zs_both_/12120.pickle,0,1.0
Hemo_predi/Data_pk/pc6/8DL49zs_both_/15109.pickle,0,1.0
Hemo_predi/Data_pk/pc6/8DL49zs_both_/16025.pickle,0,1.0
Hemo_predi/Data_pk/pc6/8DL49zs_both_/14212.pickle,0,1.0
Hemo_predi/Data_pk/pc6/8DL49zs_both_/14973.pickle,0,1.0
Hemo_predi/Data_pk/pc6/8DL49zs_both_/14731.pickle,0,1.0
Hemo_predi/Data_pk/pc6/8DL49zs_both_/18439.pickle,0,1.0
Hemo_predi/Data_pk/pc6/8DL49zs_both_/8494.pickle,0,1.0
Hemo_predi/Data_pk/pc6/8DL49zs_both_/10289.pickle,0,1.0
Hemo_predi/Data_pk/pc6/8DL49zs_both_/13684.pickle,0,1.0
Hemo_predi/Data_pk/pc6/8DL49zs_both_/9738.pickle,0,1.0
Hemo_predi/Data_pk/pc6/8DL49zs_both_/14877.pickle,0,1.0
Hemo_predi/Data_pk/pc6/8DL49zs_both_/15111.pickle,0,1.0
Hemo_predi/Data_pk/pc6/8DL49zs_both_/13793.pickle,0,1.0
Hemo_predi/Data_pk/pc6/8DL49zs_both_/4592.pickle,0,1.0
Hemo_predi/Data_pk/pc6/8DL49zs_both_/15909.pickle,0,1.0
Hemo_predi/Data_pk/pc6/8DL49zs_both_/16430.pickle,0,1.0
Hemo_predi/Data_pk/pc6/8DL49zs_both_/9386.pickle,0,1.0
Hemo_predi/Data_pk/pc6/8DL49zs_both_/1492.pickle,0,1.0
Hemo_predi/Data_pk/pc6/8DL49zs_both_/5888.pickle,0,1.0
Hemo_predi/Data_pk/pc6/8DL49zs_both_/10640.pickle,0,1.0
Hemo_predi/Data_pk/pc6/8DL49zs_both_/7438.pickle,0,1.0
Hemo_predi/Data_pk/pc6/8DL49zs_both_/8036.pickle,0,1.0
Hemo_predi/Data_pk/pc6/8DL49zs_both_/13743.pickle,0,1.0
Hemo_predi/Data_pk/pc6/8DL49zs_both_/13020.pickle,0,1.0
Hemo_predi/Data_pk/pc6/8DL49zs_both_/18697.pickle,0,1.0
Hemo_predi/Data_pk/pc6/8DL49zs_both_/14403.pickle,0,1.0
Hemo_predi/Data_pk/pc6/8DL49zs_both_/267.pickle,0,1.0
Hemo_predi/Data_pk/pc6/8DL49zs_both_/12950.pickle,0,1.0
Hemo_predi/Data_pk/pc6/8DL49zs_both_/10341.pickle,0,1.0
Hemo_predi/Data_pk/pc6/8DL49zs_both_/5520.pickle,0,1.0
Hemo_predi/Data_pk/pc6/8DL49zs_both_/476.pickle,0,1.0
Hemo_predi/Data_pk/pc6/8DL49zs_both_/9760.pickle,0,1.0
Hemo_predi/Data_pk/pc6/8DL49zs_both_/266.pickle,0,1.0
Hemo_predi/Data_pk/pc6/8DL49zs_both_/11540.pickle,0,1.0
Hemo_predi/Data_pk/pc6/8DL49zs_both_/165.pickle,0,1.0
Hemo_predi/Data_pk/pc6/8DL49zs_both_/14272.pickle,0,1.0
Hemo_predi/Data_pk/pc6/8DL49zs_both_/10182.pickle,0,1.0
Hemo_predi/Data_pk/pc6/8DL49zs_both_/11167.pickle,0,1.0
Hemo_predi/Data_pk/pc6/8DL49zs_both_/5557.pickle,0,1.0
Hemo_predi/Data_pk/pc6/8DL49zs_both_/10826.pickle,0,1.0
Hemo_predi/Data_pk/pc6/8DL49zs_both_/19775.pickle,0,1.0
Hemo_predi/Data_pk/pc6/8DL49zs_both_/9677.pickle,0,1.0
Hemo_predi/Data_pk/pc6/8DL49zs_both_/18525.pickle,0,1.0
Hemo_predi/Data_pk/pc6/8DL49zs_both_/11165.pickle,0,1.0
Hemo_predi/Data_pk/pc6/8DL49zs_both_/19417.pickle,0,1.0
Hemo_predi/Data_pk/pc6/8DL49zs_both_/9910.pickle,0,1.0
Hemo_predi/Data_pk/pc6/8DL49zs_both_/8043.pickle,0,1.0
Hemo_predi/Data_pk/pc6/8DL49zs_both_/15870.pickle,0,1.0
Hemo_predi/Data_pk/pc6/8DL49zs_both_/11364.pickle,0,1.0
Hemo_predi/Data_pk/pc6/8DL49zs_both_/568.pickle,0,1.0
Hemo_predi/Data_pk/pc6/8DL49zs_both_/4739.pickle,0,1.0
Hemo_predi/Data_pk/pc6/8DL49zs_both_/16647.pickle,0,1.0
Hemo_predi/Data_pk/pc6/8DL49zs_both_/7954.pickle,0,1.0
Hemo_predi/Data_pk/pc6/8DL49zs_both_/8049.pickle,0,1.0
Hemo_predi/Data_pk/pc6/8DL49zs_both_/11363.pickle,0,1.0
Hemo_predi/Data_pk/pc6/8DL49zs_both_/11370.pickle,0,1.0
Hemo_predi/Data_pk/pc6/8DL49zs_both_/4179.pickle,0,1.0
Hemo_predi/Data_pk/pc6/8DL49zs_both_/12720.pickle,0,1.0
Hemo_predi/Data_pk/pc6/8DL49zs_both_/14394.pickle,0,1.0
Hemo_predi/Data_pk/pc6/8DL49zs_both_/10222.pickle,0,1.0
Hemo_predi/Data_pk/pc6/8DL49zs_both_/17564.pickle,0,1.0
Hemo_predi/Data_pk/pc6/8DL49zs_both_/13424.pickle,0,1.0
Hemo_predi/Data_pk/pc6/8DL49zs_both_/4180.pickle,0,1.0
Hemo_predi/Data_pk/pc6/8DL49zs_both_/1521.pickle,0,1.0
Hemo_predi/Data_pk/pc6/8DL49zs_both_/4545.pickle,0,1.0
Hemo_predi/Data_pk/pc6/8DL49zs_both_/2850.pickle,0,1.0
Hemo_predi/Data_pk/pc6/8DL49zs_both_/11751.pickle,0,1.0
Hemo_predi/Data_pk/pc6/8DL49zs_both_/8827.pickle,0,1.0
Hemo_predi/Data_pk/pc6/8DL49zs_both_/17051.pickle,0,1.0
Hemo_predi/Data_pk/pc6/8DL49zs_both_/8029.pickle,0,1.0
Hemo_predi/Data_pk/pc6/8DL49zs_both_/9362.pickle,0,1.0
Hemo_predi/Data_pk/pc6/8DL49zs_both_/7454.pickle,0,1.0
Hemo_predi/Data_pk/pc6/8DL49zs_both_/11743.pickle,0,1.0
Hemo_predi/Data_pk/pc6/8DL49zs_both_/20104.pickle,0,1.0
Hemo_predi/Data_pk/pc6/8DL49zs_both_/11744.pickle,0,1.0
Hemo_predi/Data_pk/pc6/8DL49zs_both_/9383.pickle,0,1.0
Hemo_predi/Data_pk/pc6/8DL49zs_both_/1352.pickle,0,1.0
Hemo_predi/Data_pk/pc6/8DL49zs_both_/7856.pickle,0,1.0
Hemo_predi/Data_pk/pc6/8DL49zs_both_/11761.pickle,0,1.0
Hemo_predi/Data_pk/pc6/8DL49zs_both_/19778.pickle,0,1.0
Hemo_predi/Data_pk/pc6/8DL49zs_both_/12331.pickle,0,1.0
Hemo_predi/Data_pk/pc6/8DL49zs_both_/18787.pickle,0,1.0
Hemo_predi/Data_pk/pc6/8DL49zs_both_/2353.pickle,0,1.0
Hemo_predi/Data_pk/pc6/8DL49zs_both_/12633.pickle,0,1.0
Hemo_predi/Data_pk/pc6/8DL49zs_both_/12697.pickle,0,1.0
Hemo_predi/Data_pk/pc6/8DL49zs_both_/4636.pickle,0,1.0
Hemo_predi/Data_pk/pc6/8DL49zs_both_/10960.pickle,0,1.0
Hemo_predi/Data_pk/pc6/8DL49zs_both_/10957.pickle,0,1.0
Hemo_predi/Data_pk/pc6/8DL49zs_both_/5407.pickle,0,1.0
Hemo_predi/Data_pk/pc6/8DL49zs_both_/5170.pickle,0,1.0
Hemo_predi/Data_pk/pc6/8DL49zs_both_/15998.pickle,0,1.0
Hemo_predi/Data_pk/pc6/8DL49zs_both_/10955.pickle,0,1.0
Hemo_predi/Data_pk/pc6/8DL49zs_both_/242.pickle,0,1.0
Hemo_predi/Data_pk/pc6/8DL49zs_both_/4161.pickle,0,1.0
Hemo_predi/Data_pk/pc6/8DL49zs_both_/11851.pickle,0,1.0
Hemo_predi/Data_pk/pc6/8DL49zs_both_/11963.pickle,0,1.0
Hemo_predi/Data_pk/pc6/8DL49zs_both_/9878.pickle,0,1.0
Hemo_predi/Data_pk/pc6/8DL49zs_both_/7654.pickle,0,1.0
Hemo_predi/Data_pk/pc6/8DL49zs_both_/14719.pickle,0,1.0
Hemo_predi/Data_pk/pc6/8DL49zs_both_/16038.pickle,0,1.0
Hemo_predi/Data_pk/pc6/8DL49zs_both_/1652.pickle,0,1.0
Hemo_predi/Data_pk/pc6/8DL49zs_both_/9384.pickle,0,1.0
Hemo_predi/Data_pk/pc6/8DL49zs_both_/4638.pickle,0,1.0
Hemo_predi/Data_pk/pc6/8DL49zs_both_/1548.pickle,0,1.0
Hemo_predi/Data_pk/pc6/8DL49zs_both_/9874.pickle,0,1.0
Hemo_predi/Data_pk/pc6/8DL49zs_both_/3772.pickle,0,1.0
Hemo_predi/Data_pk/pc6/8DL49zs_both_/5526.pickle,0,1.0
Hemo_predi/Data_pk/pc6/8DL49zs_both_/3943.pickle,0,1.0
Hemo_predi/Data_pk/pc6/8DL49zs_both_/12640.pickle,0,1.0
Hemo_predi/Data_pk/pc6/8DL49zs_both_/17225.pickle,0,1.0
Hemo_predi/Data_pk/pc6/8DL49zs_both_/12215.pickle,0,1.0
Hemo_predi/Data_pk/pc6/8DL49zs_both_/5183.pickle,0,1.0
Hemo_predi/Data_pk/pc6/8DL49zs_both_/5845.pickle,0,1.0
Hemo_predi/Data_pk/pc6/8DL49zs_both_/9871.pickle,0,1.0
Hemo_predi/Data_pk/pc6/8DL49zs_both_/20122.pickle,1,1.0
Hemo_predi/Data_pk/pc6/8DL49zs_both_/14659.pickle,1,1.0
Hemo_predi/Data_pk/pc6/8DL49zs_both_/19466.pickle,1,1.0
Hemo_predi/Data_pk/pc6/8DL49zs_both_/18306.pickle,1,1.0
Hemo_predi/Data_pk/pc6/8DL49zs_both_/6969.pickle,1,1.0
Hemo_predi/Data_pk/pc6/8DL49zs_both_/4816.pickle,1,1.0
Hemo_predi/Data_pk/pc6/8DL49zs_both_/524.pickle,1,1.0
Hemo_predi/Data_pk/pc6/8DL49zs_both_/10909.pickle,1,1.0
Hemo_predi/Data_pk/pc6/8DL49zs_both_/4616.pickle,1,1.0
Hemo_predi/Data_pk/pc6/8DL49zs_both_/4331.pickle,1,1.0
Hemo_predi/Data_pk/pc6/8DL49zs_both_/13843.pickle,1,1.0
Hemo_predi/Data_pk/pc6/8DL49zs_both_/5802.pickle,1,1.0
Hemo_predi/Data_pk/pc6/8DL49zs_both_/18166.pickle,1,1.0
Hemo_predi/Data_pk/pc6/8DL49zs_both_/18163.pickle,1,1.0
Hemo_predi/Data_pk/pc6/8DL49zs_both_/16212.pickle,1,1.0
Hemo_predi/Data_pk/pc6/8DL49zs_both_/3104.pickle,1,1.0
Hemo_predi/Data_pk/pc6/8DL49zs_both_/13827.pickle,1,1.0
Hemo_predi/Data_pk/pc6/8DL49zs_both_/19825.pickle,1,1.0
Hemo_predi/Data_pk/pc6/8DL49zs_both_/20121.pickle,1,1.0
Hemo_predi/Data_pk/pc6/8DL49zs_both_/3454.pickle,1,1.0
Hemo_predi/Data_pk/pc6/8DL49zs_both_/14259.pickle,1,1.0
Hemo_predi/Data_pk/pc6/8DL49zs_both_/19467.pickle,1,1.0
Hemo_predi/Data_pk/pc6/8DL49zs_both_/641.pickle,1,1.0
Hemo_predi/Data_pk/pc6/8DL49zs_both_/18165.pickle,1,1.0
Hemo_predi/Data_pk/pc6/8DL49zs_both_/14658.pickle,1,1.0
Hemo_predi/Data_pk/pc6/8DL49zs_both_/3379.pickle,1,1.0
Hemo_predi/Data_pk/pc6/8DL49zs_both_/1479.pickle,1,1.0
Hemo_predi/Data_pk/pc6/8DL49zs_both_/10247.pickle,1,1.0
Hemo_predi/Data_pk/pc6/8DL49zs_both_/4572.pickle,1,1.0
Hemo_predi/Data_pk/pc6/8DL49zs_both_/1241.pickle,1,1.0
Hemo_predi/Data_pk/pc6/8DL49zs_both_/17046.pickle,1,1.0
Hemo_predi/Data_pk/pc6/8DL49zs_both_/11951.pickle,1,1.0
Hemo_predi/Data_pk/pc6/8DL49zs_both_/5594.pickle,1,1.0
Hemo_predi/Data_pk/pc6/8DL49zs_both_/3479.pickle,1,1.0
Hemo_predi/Data_pk/pc6/8DL49zs_both_/5566.pickle,1,1.0
Hemo_predi/Data_pk/pc6/8DL49zs_both_/3287.pickle,1,1.0
Hemo_predi/Data_pk/pc6/8DL49zs_both_/19694.pickle,1,1.0
Hemo_predi/Data_pk/pc6/8DL49zs_both_/14783.pickle,1,1.0
Hemo_predi/Data_pk/pc6/8DL49zs_both_/6249.pickle,1,1.0
Hemo_predi/Data_pk/pc6/8DL49zs_both_/3378.pickle,1,1.0
Hemo_predi/Data_pk/pc6/8DL49zs_both_/3588.pickle,1,1.0
Hemo_predi/Data_pk/pc6/8DL49zs_both_/13722.pickle,1,1.0
Hemo_predi/Data_pk/pc6/8DL49zs_both_/4584.pickle,1,1.0
Hemo_predi/Data_pk/pc6/8DL49zs_both_/3382.pickle,1,1.0
Hemo_predi/Data_pk/pc6/8DL49zs_both_/10051.pickle,1,1.0
Hemo_predi/Data_pk/pc6/8DL49zs_both_/13156.pickle,1,1.0
Hemo_predi/Data_pk/pc6/8DL49zs_both_/8865.pickle,1,1.0
Hemo_predi/Data_pk/pc6/8DL49zs_both_/20186.pickle,1,1.0
Hemo_predi/Data_pk/pc6/8DL49zs_both_/6968.pickle,1,1.0
Hemo_predi/Data_pk/pc6/8DL49zs_both_/614.pickle,1,1.0
Hemo_predi/Data_pk/pc6/8DL49zs_both_/8997.pickle,1,1.0
Hemo_predi/Data_pk/pc6/8DL49zs_both_/6967.pickle,1,1.0
Hemo_predi/Data_pk/pc6/8DL49zs_both_/16269.pickle,1,1.0
Hemo_predi/Data_pk/pc6/8DL49zs_both_/19911.pickle,1,1.0
Hemo_predi/Data_pk/pc6/8DL49zs_both_/536.pickle,1,1.0
Hemo_predi/Data_pk/pc6/8DL49zs_both_/1001.pickle,1,1.0
Hemo_predi/Data_pk/pc6/8DL49zs_both_/9364.pickle,1,1.0
Hemo_predi/Data_pk/pc6/8DL49zs_both_/5446.pickle,1,1.0
Hemo_predi/Data_pk/pc6/8DL49zs_both_/4289.pickle,1,1.0
Hemo_predi/Data_pk/pc6/8DL49zs_both_/10205.pickle,1,1.0
Hemo_predi/Data_pk/pc6/8DL49zs_both_/15043.pickle,1,1.0
Hemo_predi/Data_pk/pc6/8DL49zs_both_/15917.pickle,1,1.0
Hemo_predi/Data_pk/pc6/8DL49zs_both_/1008.pickle,1,1.0
Hemo_predi/Data_pk/pc6/8DL49zs_both_/4386.pickle,1,1.0
Hemo_predi/Data_pk/pc6/8DL49zs_both_/15979.pickle,1,1.0
Hemo_predi/Data_pk/pc6/8DL49zs_both_/4147.pickle,1,1.0
Hemo_predi/Data_pk/pc6/8DL49zs_both_/12229.pickle,1,1.0
Hemo_predi/Data_pk/pc6/8DL49zs_both_/5084.pickle,1,1.0
Hemo_predi/Data_pk/pc6/8DL49zs_both_/12211.pickle,1,1.0
Hemo_predi/Data_pk/pc6/8DL49zs_both_/609.pickle,1,1.0
Hemo_predi/Data_pk/pc6/8DL49zs_both_/4209.pickle,1,1.0
Hemo_predi/Data_pk/pc6/8DL49zs_both_/4197.pickle,1,1.0
Hemo_predi/Data_pk/pc6/8DL49zs_both_/7921.pickle,1,1.0
Hemo_predi/Data_pk/pc6/8DL49zs_both_/5695.pickle,1,1.0
Hemo_predi/Data_pk/pc6/8DL49zs_both_/15957.pickle,1,1.0
Hemo_predi/Data_pk/pc6/8DL49zs_both_/15913.pickle,1,1.0
Hemo_predi/Data_pk/pc6/8DL49zs_both_/121.pickle,1,1.0
Hemo_predi/Data_pk/pc6/8DL49zs_both_/13120.pickle,1,1.0
Hemo_predi/Data_pk/pc6/8DL49zs_both_/14205.pickle,1,1.0
Hemo_predi/Data_pk/pc6/8DL49zs_both_/5697.pickle,1,1.0
Hemo_predi/Data_pk/pc6/8DL49zs_both_/2020.pickle,1,1.0
Hemo_predi/Data_pk/pc6/8DL49zs_both_/5843.pickle,1,1.0
Hemo_predi/Data_pk/pc6/8DL49zs_both_/19356.pickle,1,1.0
Hemo_predi/Data_pk/pc6/8DL49zs_both_/7942.pickle,1,1.0
Hemo_predi/Data_pk/pc6/8DL49zs_both_/478.pickle,1,1.0
Hemo_predi/Data_pk/pc6/8DL49zs_both_/8873.pickle,1,1.0
Hemo_predi/Data_pk/pc6/8DL49zs_both_/760.pickle,1,1.0
Hemo_predi/Data_pk/pc6/8DL49zs_both_/5698.pickle,1,1.0
Hemo_predi/Data_pk/pc6/8DL49zs_both_/11168.pickle,1,1.0
Hemo_predi/Data_pk/pc6/8DL49zs_both_/125.pickle,1,1.0
Hemo_predi/Data_pk/pc6/8DL49zs_both_/5361.pickle,1,1.0
Hemo_predi/Data_pk/pc6/8DL49zs_both_/1478.pickle,1,1.0
Hemo_predi/Data_pk/pc6/8DL49zs_both_/10537.pickle,1,1.0
Hemo_predi/Data_pk/pc6/8DL49zs_both_/6705.pickle,1,1.0
Hemo_predi/Data_pk/pc6/8DL49zs_both_/19142.pickle,1,1.0
Hemo_predi/Data_pk/pc6/8DL49zs_both_/5360.pickle,1,1.0
Hemo_predi/Data_pk/pc6/8DL49zs_both_/10711.pickle,1,1.0
Hemo_predi/Data_pk/pc6/8DL49zs_both_/19477.pickle,1,1.0
Hemo_predi/Data_pk/pc6/8DL49zs_both_/2577.pickle,1,1.0
Hemo_predi/Data_pk/pc6/8DL49zs_both_/5530.pickle,1,1.0
Hemo_predi/Data_pk/pc6/8DL49zs_both_/6704.pickle,1,1.0
Hemo_predi/Data_pk/pc6/8DL49zs_both_/8066.pickle,1,1.0
Hemo_predi/Data_pk/pc6/8DL49zs_both_/1795.pickle,1,1.0
Hemo_predi/Data_pk/pc6/8DL49zs_both_/1413.pickle,1,1.0
Hemo_predi/Data_pk/pc6/8DL49zs_both_/14295.pickle,1,1.0
Hemo_predi/Data_pk/pc6/8DL49zs_both_/1435.pickle,1,1.0
Hemo_predi/Data_pk/pc6/8DL49zs_both_/19155.pickle,1,1.0
Hemo_predi/Data_pk/pc6/8DL49zs_both_/4554.pickle,1,1.0
Hemo_predi/Data_pk/pc6/8DL49zs_both_/16162.pickle,1,1.0
Hemo_predi/Data_pk/pc6/8DL49zs_both_/3754.pickle,1,1.0
Hemo_predi/Data_pk/pc6/8DL49zs_both_/8438.pickle,1,1.0
Hemo_predi/Data_pk/pc6/8DL49zs_both_/12924.pickle,1,1.0
Hemo_predi/Data_pk/pc6/8DL49zs_both_/4365.pickle,1,1.0
Hemo_predi/Data_pk/pc6/8DL49zs_both_/8268.pickle,1,1.0
Hemo_predi/Data_pk/pc6/8DL49zs_both_/112.pickle,1,1.0
Hemo_predi/Data_pk/pc6/8DL49zs_both_/17987.pickle,1,1.0
Hemo_predi/Data_pk/pc6/8DL49zs_both_/5226.pickle,1,1.0
Hemo_predi/Data_pk/pc6/8DL49zs_both_/1469.pickle,1,1.0
Hemo_predi/Data_pk/pc6/8DL49zs_both_/700.pickle,1,1.0
Hemo_predi/Data_pk/pc6/8DL49zs_both_/1031.pickle,1,1.0
Hemo_predi/Data_pk/pc6/8DL49zs_both_/1525.pickle,1,1.0
Hemo_predi/Data_pk/pc6/8DL49zs_both_/2712.pickle,1,1.0
Hemo_predi/Data_pk/pc6/8DL49zs_both_/7670.pickle,1,1.0
Hemo_predi/Data_pk/pc6/8DL49zs_both_/3929.pickle,1,1.0
Hemo_predi/Data_pk/pc6/8DL49zs_both_/14300.pickle,1,1.0
Hemo_predi/Data_pk/pc6/8DL49zs_both_/10611.pickle,1,1.0
Hemo_predi/Data_pk/pc6/8DL49zs_both_/10175.pickle,1,1.0
Hemo_predi/Data_pk/pc6/8DL49zs_both_/5853.pickle,1,1.0
Hemo_predi/Data_pk/pc6/8DL49zs_both_/8899.pickle,1,1.0
Hemo_predi/Data_pk/pc6/8DL49zs_both_/4364.pickle,1,1.0
Hemo_predi/Data_pk/pc6/8DL49zs_both_/12573.pickle,1,1.0
Hemo_predi/Data_pk/pc6/8DL49zs_both_/14301.pickle,1,1.0
Hemo_predi/Data_pk/pc6/8DL49zs_both_/10605.pickle,1,1.0
Hemo_predi/Data_pk/pc6/8DL49zs_both_/19555.pickle,1,1.0
Hemo_predi/Data_pk/pc6/8DL49zs_both_/17200.pickle,1,1.0
Hemo_predi/Data_pk/pc6/8DL49zs_both_/4932.pickle,1,1.0
Hemo_predi/Data_pk/pc6/8DL49zs_both_/10604.pickle,1,1.0
Hemo_predi/Data_pk/pc6/8DL49zs_both_/12526.pickle,1,1.0
Hemo_predi/Data_pk/pc6/8DL49zs_both_/3838.pickle,1,1.0
Hemo_predi/Data_pk/pc6/8DL49zs_both_/19557.pickle,1,1.0
Hemo_predi/Data_pk/pc6/8DL49zs_both_/11380.pickle,1,1.0
Hemo_predi/Data_pk/pc6/8DL49zs_both_/14217.pickle,1,1.0
Hemo_predi/Data_pk/pc6/8DL49zs_both_/4924.pickle,1,1.0
Hemo_predi/Data_pk/pc6/8DL49zs_both_/3821.pickle,1,1.0
Hemo_predi/Data_pk/pc6/8DL49zs_both_/1429.pickle,1,1.0
Hemo_predi/Data_pk/pc6/8DL49zs_both_/2369.pickle,1,1.0
Hemo_predi/Data_pk/pc6/8DL49zs_both_/14.pickle,1,1.0
Hemo_predi/Data_pk/pc6/8DL49zs_both_/13728.pickle,1,1.0
Hemo_predi/Data_pk/pc6/8DL49zs_both_/19551.pickle,1,1.0
Hemo_predi/Data_pk/pc6/8DL49zs_both_/13729.pickle,1,1.0
Hemo_predi/Data_pk/pc6/8DL49zs_both_/16610.pickle,1,1.0
Hemo_predi/Data_pk/pc6/8DL49zs_both_/1000.pickle,1,1.0
Hemo_predi/Data_pk/pc6/8DL49zs_both_/15817.pickle,1,1.0
Hemo_predi/Data_pk/pc6/8DL49zs_both_/13507.pickle,1,1.0
Hemo_predi/Data_pk/pc6/8DL49zs_both_/13331.pickle,1,1.0
Hemo_predi/Data_pk/pc6/8DL49zs_both_/6493.pickle,1,1.0
Hemo_predi/Data_pk/pc6/8DL49zs_both_/19519.pickle,1,1.0
Hemo_predi/Data_pk/pc6/8DL49zs_both_/12397.pickle,1,1.0
Hemo_predi/Data_pk/pc6/8DL49zs_both_/18232.pickle,1,1.0
Hemo_predi/Data_pk/pc6/8DL49zs_both_/9570.pickle,0,1.0
Hemo_predi/Data_pk/pc6/8DL49zs_both_/5799.pickle,0,1.0
Hemo_predi/Data_pk/pc6/8DL49zs_both_/4660.pickle,0,1.0
Hemo_predi/Data_pk/pc6/8DL49zs_both_/13459.pickle,0,1.0
Hemo_predi/Data_pk/pc6/8DL49zs_both_/9808.pickle,0,1.0
Hemo_predi/Data_pk/pc6/8DL49zs_both_/2873.pickle,0,1.0
Hemo_predi/Data_pk/pc6/8DL49zs_both_/9573.pickle,0,1.0
Hemo_predi/Data_pk/pc6/8DL49zs_both_/16913.pickle,0,1.0
Hemo_predi/Data_pk/pc6/8DL49zs_both_/779.pickle,0,1.0
Hemo_predi/Data_pk/pc6/8DL49zs_both_/16794.pickle,0,1.0
Hemo_predi/Data_pk/pc6/8DL49zs_both_/12844.pickle,0,1.0
Hemo_predi/Data_pk/pc6/8DL49zs_both_/19951.pickle,0,1.0
Hemo_predi/Data_pk/pc6/8DL49zs_both_/2875.pickle,0,1.0
Hemo_predi/Data_pk/pc6/8DL49zs_both_/13447.pickle,0,1.0
Hemo_predi/Data_pk/pc6/8DL49zs_both_/10122.pickle,0,1.0
Hemo_predi/Data_pk/pc6/8DL49zs_both_/14627.pickle,0,1.0
Hemo_predi/Data_pk/pc6/8DL49zs_both_/10683.pickle,0,1.0
Hemo_predi/Data_pk/pc6/8DL49zs_both_/15093.pickle,0,1.0
Hemo_predi/Data_pk/pc6/8DL49zs_both_/14441.pickle,0,1.0
Hemo_predi/Data_pk/pc6/8DL49zs_both_/4656.pickle,0,1.0
Hemo_predi/Data_pk/pc6/8DL49zs_both_/15892.pickle,0,1.0
Hemo_predi/Data_pk/pc6/8DL49zs_both_/10682.pickle,0,1.0
Hemo_predi/Data_pk/pc6/8DL49zs_both_/12970.pickle,0,1.0
Hemo_predi/Data_pk/pc6/8DL49zs_both_/1494.pickle,0,1.0
Hemo_predi/Data_pk/pc6/8DL49zs_both_/16996.pickle,0,1.0
Hemo_predi/Data_pk/pc6/8DL49zs_both_/12846.pickle,0,1.0
Hemo_predi/Data_pk/pc6/8DL49zs_both_/12173.pickle,0,1.0
Hemo_predi/Data_pk/pc6/8DL49zs_both_/13790.pickle,0,1.0
Hemo_predi/Data_pk/pc6/8DL49zs_both_/19012.pickle,0,1.0
Hemo_predi/Data_pk/pc6/8DL49zs_both_/4963.pickle,0,1.0
Hemo_predi/Data_pk/pc6/8DL49zs_both_/13458.pickle,0,1.0
Hemo_predi/Data_pk/pc6/8DL49zs_both_/13445.pickle,0,1.0
Hemo_predi/Data_pk/pc6/8DL49zs_both_/19578.pickle,0,1.0
Hemo_predi/Data_pk/pc6/8DL49zs_both_/14635.pickle,0,1.0
Hemo_predi/Data_pk/pc6/8DL49zs_both_/6814.pickle,0,1.0
Hemo_predi/Data_pk/pc6/8DL49zs_both_/19571.pickle,0,1.0
Hemo_predi/Data_pk/pc6/8DL49zs_both_/16906.pickle,0,1.0
Hemo_predi/Data_pk/pc6/8DL49zs_both_/2523.pickle,0,1.0
Hemo_predi/Data_pk/pc6/8DL49zs_both_/10463.pickle,0,1.0
Hemo_predi/Data_pk/pc6/8DL49zs_both_/7440.pickle,0,1.0
Hemo_predi/Data_pk/pc6/8DL49zs_both_/5465.pickle,0,1.0
Hemo_predi/Data_pk/pc6/8DL49zs_both_/5215.pickle,0,1.0
Hemo_predi/Data_pk/pc6/8DL49zs_both_/12532.pickle,0,1.0
Hemo_predi/Data_pk/pc6/8DL49zs_both_/13455.pickle,0,1.0
Hemo_predi/Data_pk/pc6/8DL49zs_both_/4779.pickle,0,1.0
Hemo_predi/Data_pk/pc6/8DL49zs_both_/13788.pickle,0,1.0
Hemo_predi/Data_pk/pc6/8DL49zs_both_/3477.pickle,0,1.0
Hemo_predi/Data_pk/pc6/8DL49zs_both_/6824.pickle,0,1.0
Hemo_predi/Data_pk/pc6/8DL49zs_both_/4773.pickle,0,1.0
Hemo_predi/Data_pk/pc6/8DL49zs_both_/19071.pickle,0,1.0
Hemo_predi/Data_pk/pc6/8DL49zs_both_/14232.pickle,0,1.0
Hemo_predi/Data_pk/pc6/8DL49zs_both_/3343.pickle,0,1.0
Hemo_predi/Data_pk/pc6/8DL49zs_both_/18752.pickle,0,1.0
Hemo_predi/Data_pk/pc6/8DL49zs_both_/14700.pickle,0,1.0
Hemo_predi/Data_pk/pc6/8DL49zs_both_/8819.pickle,0,1.0
Hemo_predi/Data_pk/pc6/8DL49zs_both_/11299.pickle,0,1.0
Hemo_predi/Data_pk/pc6/8DL49zs_both_/1400.pickle,0,1.0
Hemo_predi/Data_pk/pc6/8DL49zs_both_/13012.pickle,0,1.0
Hemo_predi/Data_pk/pc6/8DL49zs_both_/494.pickle,0,1.0
Hemo_predi/Data_pk/pc6/8DL49zs_both_/12911.pickle,0,1.0
Hemo_predi/Data_pk/pc6/8DL49zs_both_/16412.pickle,0,1.0
Hemo_predi/Data_pk/pc6/8DL49zs_both_/12608.pickle,0,1.0
Hemo_predi/Data_pk/pc6/8DL49zs_both_/13686.pickle,0,1.0
Hemo_predi/Data_pk/pc6/8DL49zs_both_/15886.pickle,0,1.0
Hemo_predi/Data_pk/pc6/8DL49zs_both_/14726.pickle,0,1.0
Hemo_predi/Data_pk/pc6/8DL49zs_both_/624.pickle,0,1.0
Hemo_predi/Data_pk/pc6/8DL49zs_both_/13007.pickle,0,1.0
Hemo_predi/Data_pk/pc6/8DL49zs_both_/12602.pickle,0,1.0
Hemo_predi/Data_pk/pc6/8DL49zs_both_/7450.pickle,0,1.0
Hemo_predi/Data_pk/pc6/8DL49zs_both_/8825.pickle,0,1.0
Hemo_predi/Data_pk/pc6/8DL49zs_both_/16431.pickle,0,1.0
Hemo_predi/Data_pk/pc6/8DL49zs_both_/7452.pickle,0,1.0
Hemo_predi/Data_pk/pc6/8DL49zs_both_/18379.pickle,0,1.0
Hemo_predi/Data_pk/pc6/8DL49zs_both_/17300.pickle,0,1.0
Hemo_predi/Data_pk/pc6/8DL49zs_both_/16886.pickle,0,1.0
Hemo_predi/Data_pk/pc6/8DL49zs_both_/1546.pickle,0,1.0
Hemo_predi/Data_pk/pc6/8DL49zs_both_/14404.pickle,0,1.0
Hemo_predi/Data_pk/pc6/8DL49zs_both_/13019.pickle,0,1.0
Hemo_predi/Data_pk/pc6/8DL49zs_both_/1507.pickle,0,1.0
Hemo_predi/Data_pk/pc6/8DL49zs_both_/9895.pickle,0,1.0
Hemo_predi/Data_pk/pc6/8DL49zs_both_/2594.pickle,0,1.0
Hemo_predi/Data_pk/pc6/8DL49zs_both_/13415.pickle,0,1.0
Hemo_predi/Data_pk/pc6/8DL49zs_both_/4478.pickle,0,1.0
Hemo_predi/Data_pk/pc6/8DL49zs_both_/1105.pickle,0,1.0
Hemo_predi/Data_pk/pc6/8DL49zs_both_/8821.pickle,0,1.0
Hemo_predi/Data_pk/pc6/8DL49zs_both_/1484.pickle,0,1.0
Hemo_predi/Data_pk/pc6/8DL49zs_both_/5909.pickle,0,1.0
Hemo_predi/Data_pk/pc6/8DL49zs_both_/1012.pickle,0,1.0
Hemo_predi/Data_pk/pc6/8DL49zs_both_/2573.pickle,0,1.0
Hemo_predi/Data_pk/pc6/8DL49zs_both_/5913.pickle,0,1.0
Hemo_predi/Data_pk/pc6/8DL49zs_both_/18687.pickle,0,1.0
Hemo_predi/Data_pk/pc6/8DL49zs_both_/1781.pickle,0,1.0
Hemo_predi/Data_pk/pc6/8DL49zs_both_/4155.pickle,0,1.0
Hemo_predi/Data_pk/pc6/8DL49zs_both_/5359.pickle,0,1.0
Hemo_predi/Data_pk/pc6/8DL49zs_both_/2002.pickle,0,1.0
Hemo_predi/Data_pk/pc6/8DL49zs_both_/12428.pickle,0,1.0
Hemo_predi/Data_pk/pc6/8DL49zs_both_/2604.pickle,0,1.0
Hemo_predi/Data_pk/pc6/8DL49zs_both_/14123.pickle,0,1.0
Hemo_predi/Data_pk/pc6/8DL49zs_both_/11170.pickle,0,1.0
Hemo_predi/Data_pk/pc6/8DL49zs_both_/5160.pickle,0,1.0
Hemo_predi/Data_pk/pc6/8DL49zs_both_/8764.pickle,0,1.0
Hemo_predi/Data_pk/pc6/8DL49zs_both_/14151.pickle,0,1.0
Hemo_predi/Data_pk/pc6/8DL49zs_both_/16433.pickle,0,1.0
Hemo_predi/Data_pk/pc6/8DL49zs_both_/2013.pickle,0,1.0
Hemo_predi/Data_pk/pc6/8DL49zs_both_/4156.pickle,0,1.0
Hemo_predi/Data_pk/pc6/8DL49zs_both_/11169.pickle,0,1.0
Hemo_predi/Data_pk/pc6/8DL49zs_both_/10648.pickle,0,1.0
Hemo_predi/Data_pk/pc6/8DL49zs_both_/11184.pickle,0,1.0
Hemo_predi/Data_pk/pc6/8DL49zs_both_/8999.pickle,0,1.0
Hemo_predi/Data_pk/pc6/8DL49zs_both_/9680.pickle,0,1.0
Hemo_predi/Data_pk/pc6/8DL49zs_both_/13047.pickle,0,1.0
Hemo_predi/Data_pk/pc6/8DL49zs_both_/14314.pickle,0,1.0
Hemo_predi/Data_pk/pc6/8DL49zs_both_/4974.pickle,0,1.0
Hemo_predi/Data_pk/pc6/8DL49zs_both_/14273.pickle,0,1.0
Hemo_predi/Data_pk/pc6/8DL49zs_both_/10975.pickle,0,1.0
Hemo_predi/Data_pk/pc6/8DL49zs_both_/19015.pickle,0,1.0
Hemo_predi/Data_pk/pc6/8DL49zs_both_/11367.pickle,0,1.0
Hemo_predi/Data_pk/pc6/8DL49zs_both_/1269.pickle,0,1.0
Hemo_predi/Data_pk/pc6/8DL49zs_both_/1405.pickle,0,1.0
Hemo_predi/Data_pk/pc6/8DL49zs_both_/8198.pickle,0,1.0
Hemo_predi/Data_pk/pc6/8DL49zs_both_/11366.pickle,0,1.0
Hemo_predi/Data_pk/pc6/8DL49zs_both_/8608.pickle,0,1.0
Hemo_predi/Data_pk/pc6/8DL49zs_both_/9678.pickle,0,1.0
Hemo_predi/Data_pk/pc6/8DL49zs_both_/11759.pickle,0,1.0
Hemo_predi/Data_pk/pc6/8DL49zs_both_/2354.pickle,0,1.0
Hemo_predi/Data_pk/pc6/8DL49zs_both_/2593.pickle,0,1.0
Hemo_predi/Data_pk/pc6/8DL49zs_both_/11754.pickle,0,1.0
Hemo_predi/Data_pk/pc6/8DL49zs_both_/12242.pickle,0,1.0
Hemo_predi/Data_pk/pc6/8DL49zs_both_/5454.pickle,0,1.0
Hemo_predi/Data_pk/pc6/8DL49zs_both_/11263.pickle,0,1.0
Hemo_predi/Data_pk/pc6/8DL49zs_both_/17934.pickle,0,1.0
Hemo_predi/Data_pk/pc6/8DL49zs_both_/9057.pickle,0,1.0
Hemo_predi/Data_pk/pc6/8DL49zs_both_/2851.pickle,0,1.0
Hemo_predi/Data_pk/pc6/8DL49zs_both_/17055.pickle,0,1.0
Hemo_predi/Data_pk/pc6/8DL49zs_both_/16039.pickle,0,1.0
Hemo_predi/Data_pk/pc6/8DL49zs_both_/2376.pickle,0,1.0
Hemo_predi/Data_pk/pc6/8DL49zs_both_/11249.pickle,0,1.0
Hemo_predi/Data_pk/pc6/8DL49zs_both_/3935.pickle,0,1.0
Hemo_predi/Data_pk/pc6/8DL49zs_both_/2361.pickle,0,1.0
Hemo_predi/Data_pk/pc6/8DL49zs_both_/4165.pickle,0,1.0
Hemo_predi/Data_pk/pc6/8DL49zs_both_/3243.pickle,0,1.0
Hemo_predi/Data_pk/pc6/8DL49zs_both_/10944.pickle,0,1.0
Hemo_predi/Data_pk/pc6/8DL49zs_both_/10952.pickle,0,1.0
Hemo_predi/Data_pk/pc6/8DL49zs_both_/10949.pickle,0,1.0
Hemo_predi/Data_pk/pc6/8DL49zs_both_/5270.pickle,0,1.0
Hemo_predi/Data_pk/pc6/8DL49zs_both_/10959.pickle,0,1.0
Hemo_predi/Data_pk/pc6/8DL49zs_both_/10954.pickle,0,1.0
Hemo_predi/Data_pk/pc6/8DL49zs_both_/16000.pickle,0,1.0
Hemo_predi/Data_pk/pc6/8DL49zs_both_/2356.pickle,0,1.0
Hemo_predi/Data_pk/pc6/8DL49zs_both_/7859.pickle,0,1.0
Hemo_predi/Data_pk/pc6/8DL49zs_both_/10951.pickle,0,1.0
Hemo_predi/Data_pk/pc6/8DL49zs_both_/18143.pickle,0,1.0
Hemo_predi/Data_pk/pc6/8DL49zs_both_/1482.pickle,0,1.0
Hemo_predi/Data_pk/pc6/8DL49zs_both_/10953.pickle,0,1.0
Hemo_predi/Data_pk/pc6/8DL49zs_both_/2063.pickle,0,1.0
Hemo_predi/Data_pk/pc6/8DL49zs_both_/16651.pickle,0,1.0
Hemo_predi/Data_pk/pc6/8DL49zs_both_/7653.pickle,0,1.0
Hemo_predi/Data_pk/pc6/8DL49zs_both_/11258.pickle,0,1.0
Hemo_predi/Data_pk/pc6/8DL49zs_both_/12641.pickle,0,1.0
Hemo_predi/Data_pk/pc6/8DL49zs_both_/15520.pickle,0,1.0
Hemo_predi/Data_pk/pc6/8DL49zs_both_/5458.pickle,0,1.0
Hemo_predi/Data_pk/pc6/8DL49zs_both_/16581.pickle,0,1.0
Hemo_predi/Data_pk/pc6/8DL49zs_both_/19631.pickle,0,1.0
Hemo_predi/Data_pk/pc6/8DL49zs_both_/7383.pickle,0,1.0
Hemo_predi/Data_pk/pc6/8DL49zs_both_/1825.pickle,0,1.0
Hemo_predi/Data_pk/pc6/8DL49zs_both_/19398.pickle,0,1.0
Hemo_predi/Data_pk/pc6/8DL49zs_both_/8032.pickle,0,1.0
Hemo_predi/Data_pk/pc6/8DL49zs_both_/3075.pickle,0,1.0
Hemo_predi/Data_pk/pc6/8DL49zs_both_/12896.pickle,0,1.0
Hemo_predi/Data_pk/pc6/8DL49zs_both_/8586.pickle,0,1.0
Hemo_predi/Data_pk/pc6/8DL49zs_both_/4170.pickle,0,1.0
Hemo_predi/Data_pk/pc6/8DL49zs_both_/8236.pickle,0,1.0
Hemo_predi/Data_pk/pc6/8DL49zs_both_/13835.pickle,1,1.0
Hemo_predi/Data_pk/pc6/8DL49zs_both_/15105.pickle,1,1.0
Hemo_predi/Data_pk/pc6/8DL49zs_both_/16216.pickle,1,1.0
Hemo_predi/Data_pk/pc6/8DL49zs_both_/5801.pickle,1,1.0
Hemo_predi/Data_pk/pc6/8DL49zs_both_/11303.pickle,1,1.0
Hemo_predi/Data_pk/pc6/8DL49zs_both_/16015.pickle,1,1.0
Hemo_predi/Data_pk/pc6/8DL49zs_both_/4935.pickle,1,1.0
Hemo_predi/Data_pk/pc6/8DL49zs_both_/4838.pickle,1,1.0
Hemo_predi/Data_pk/pc6/8DL49zs_both_/4576.pickle,1,1.0
Hemo_predi/Data_pk/pc6/8DL49zs_both_/18433.pickle,1,1.0
Hemo_predi/Data_pk/pc6/8DL49zs_both_/13819.pickle,1,1.0
Hemo_predi/Data_pk/pc6/8DL49zs_both_/18432.pickle,1,1.0
Hemo_predi/Data_pk/pc6/8DL49zs_both_/15104.pickle,1,1.0
Hemo_predi/Data_pk/pc6/8DL49zs_both_/12139.pickle,1,1.0
Hemo_predi/Data_pk/pc6/8DL49zs_both_/17985.pickle,1,1.0
Hemo_predi/Data_pk/pc6/8DL49zs_both_/5137.pickle,1,1.0
Hemo_predi/Data_pk/pc6/8DL49zs_both_/1978.pickle,1,1.0
Hemo_predi/Data_pk/pc6/8DL49zs_both_/1422.pickle,1,1.0
Hemo_predi/Data_pk/pc6/8DL49zs_both_/10467.pickle,1,1.0
Hemo_predi/Data_pk/pc6/8DL49zs_both_/17119.pickle,1,1.0
Hemo_predi/Data_pk/pc6/8DL49zs_both_/14267.pickle,1,1.0
Hemo_predi/Data_pk/pc6/8DL49zs_both_/3489.pickle,1,1.0
Hemo_predi/Data_pk/pc6/8DL49zs_both_/2426.pickle,1,1.0
Hemo_predi/Data_pk/pc6/8DL49zs_both_/16220.pickle,1,1.0
Hemo_predi/Data_pk/pc6/8DL49zs_both_/4776.pickle,1,1.0
Hemo_predi/Data_pk/pc6/8DL49zs_both_/11304.pickle,1,1.0
Hemo_predi/Data_pk/pc6/8DL49zs_both_/2206.pickle,1,1.0
Hemo_predi/Data_pk/pc6/8DL49zs_both_/6842.pickle,1,1.0
Hemo_predi/Data_pk/pc6/8DL49zs_both_/1127.pickle,1,1.0
Hemo_predi/Data_pk/pc6/8DL49zs_both_/723.pickle,1,1.0
Hemo_predi/Data_pk/pc6/8DL49zs_both_/4686.pickle,1,1.0
Hemo_predi/Data_pk/pc6/8DL49zs_both_/4777.pickle,1,1.0
Hemo_predi/Data_pk/pc6/8DL49zs_both_/15997.pickle,1,1.0
Hemo_predi/Data_pk/pc6/8DL49zs_both_/19485.pickle,1,1.0
Hemo_predi/Data_pk/pc6/8DL49zs_both_/2335.pickle,1,1.0
Hemo_predi/Data_pk/pc6/8DL49zs_both_/12756.pickle,1,1.0
Hemo_predi/Data_pk/pc6/8DL49zs_both_/8801.pickle,1,1.0
Hemo_predi/Data_pk/pc6/8DL49zs_both_/19903.pickle,1,1.0
Hemo_predi/Data_pk/pc6/8DL49zs_both_/2326.pickle,1,1.0
Hemo_predi/Data_pk/pc6/8DL49zs_both_/8802.pickle,1,1.0
Hemo_predi/Data_pk/pc6/8DL49zs_both_/9329.pickle,1,1.0
Hemo_predi/Data_pk/pc6/8DL49zs_both_/17500.pickle,1,1.0
Hemo_predi/Data_pk/pc6/8DL49zs_both_/16205.pickle,1,1.0
Hemo_predi/Data_pk/pc6/8DL49zs_both_/16224.pickle,1,1.0
Hemo_predi/Data_pk/pc6/8DL49zs_both_/3346.pickle,1,1.0
Hemo_predi/Data_pk/pc6/8DL49zs_both_/19901.pickle,1,1.0
Hemo_predi/Data_pk/pc6/8DL49zs_both_/2161.pickle,1,1.0
Hemo_predi/Data_pk/pc6/8DL49zs_both_/20120.pickle,1,1.0
Hemo_predi/Data_pk/pc6/8DL49zs_both_/914.pickle,1,1.0
Hemo_predi/Data_pk/pc6/8DL49zs_both_/488.pickle,1,1.0
Hemo_predi/Data_pk/pc6/8DL49zs_both_/5140.pickle,1,1.0
Hemo_predi/Data_pk/pc6/8DL49zs_both_/4981.pickle,1,1.0
Hemo_predi/Data_pk/pc6/8DL49zs_both_/726.pickle,1,1.0
Hemo_predi/Data_pk/pc6/8DL49zs_both_/10052.pickle,1,1.0
Hemo_predi/Data_pk/pc6/8DL49zs_both_/19153.pickle,1,1.0
Hemo_predi/Data_pk/pc6/8DL49zs_both_/1506.pickle,1,1.0
Hemo_predi/Data_pk/pc6/8DL49zs_both_/3008.pickle,1,1.0
Hemo_predi/Data_pk/pc6/8DL49zs_both_/10645.pickle,1,1.0
Hemo_predi/Data_pk/pc6/8DL49zs_both_/4213.pickle,1,1.0
Hemo_predi/Data_pk/pc6/8DL49zs_both_/16494.pickle,1,1.0
Hemo_predi/Data_pk/pc6/8DL49zs_both_/16894.pickle,1,1.0
Hemo_predi/Data_pk/pc6/8DL49zs_both_/4198.pickle,1,1.0
Hemo_predi/Data_pk/pc6/8DL49zs_both_/1493.pickle,1,1.0
Hemo_predi/Data_pk/pc6/8DL49zs_both_/15978.pickle,1,1.0
Hemo_predi/Data_pk/pc6/8DL49zs_both_/4652.pickle,1,1.0
Hemo_predi/Data_pk/pc6/8DL49zs_both_/4226.pickle,1,1.0
Hemo_predi/Data_pk/pc6/8DL49zs_both_/16469.pickle,1,1.0
Hemo_predi/Data_pk/pc6/8DL49zs_both_/10212.pickle,1,1.0
Hemo_predi/Data_pk/pc6/8DL49zs_both_/16349.pickle,1,1.0
Hemo_predi/Data_pk/pc6/8DL49zs_both_/20179.pickle,1,1.0
Hemo_predi/Data_pk/pc6/8DL49zs_both_/1889.pickle,1,1.0
Hemo_predi/Data_pk/pc6/8DL49zs_both_/6168.pickle,1,1.0
Hemo_predi/Data_pk/pc6/8DL49zs_both_/1891.pickle,1,1.0
Hemo_predi/Data_pk/pc6/8DL49zs_both_/477.pickle,1,1.0
Hemo_predi/Data_pk/pc6/8DL49zs_both_/3791.pickle,1,1.0
Hemo_predi/Data_pk/pc6/8DL49zs_both_/7920.pickle,1,1.0
Hemo_predi/Data_pk/pc6/8DL49zs_both_/10836.pickle,1,1.0
Hemo_predi/Data_pk/pc6/8DL49zs_both_/4288.pickle,1,1.0
Hemo_predi/Data_pk/pc6/8DL49zs_both_/12164.pickle,1,1.0
Hemo_predi/Data_pk/pc6/8DL49zs_both_/12208.pickle,1,1.0
Hemo_predi/Data_pk/pc6/8DL49zs_both_/5085.pickle,1,1.0
Hemo_predi/Data_pk/pc6/8DL49zs_both_/19354.pickle,1,1.0
Hemo_predi/Data_pk/pc6/8DL49zs_both_/5235.pickle,1,1.0
Hemo_predi/Data_pk/pc6/8DL49zs_both_/15921.pickle,1,1.0
Hemo_predi/Data_pk/pc6/8DL49zs_both_/5447.pickle,1,1.0
Hemo_predi/Data_pk/pc6/8DL49zs_both_/1472.pickle,1,1.0
Hemo_predi/Data_pk/pc6/8DL49zs_both_/19291.pickle,1,1.0
Hemo_predi/Data_pk/pc6/8DL49zs_both_/7965.pickle,1,1.0
Hemo_predi/Data_pk/pc6/8DL49zs_both_/2292.pickle,1,1.0
Hemo_predi/Data_pk/pc6/8DL49zs_both_/4451.pickle,1,1.0
Hemo_predi/Data_pk/pc6/8DL49zs_both_/1002.pickle,1,1.0
Hemo_predi/Data_pk/pc6/8DL49zs_both_/10754.pickle,1,1.0
Hemo_predi/Data_pk/pc6/8DL49zs_both_/1416.pickle,1,1.0
Hemo_predi/Data_pk/pc6/8DL49zs_both_/7167.pickle,1,1.0
Hemo_predi/Data_pk/pc6/8DL49zs_both_/2402.pickle,1,1.0
Hemo_predi/Data_pk/pc6/8DL49zs_both_/8440.pickle,1,1.0
Hemo_predi/Data_pk/pc6/8DL49zs_both_/10592.pickle,1,1.0
Hemo_predi/Data_pk/pc6/8DL49zs_both_/499.pickle,1,1.0
Hemo_predi/Data_pk/pc6/8DL49zs_both_/7929.pickle,1,1.0
Hemo_predi/Data_pk/pc6/8DL49zs_both_/10641.pickle,1,1.0
Hemo_predi/Data_pk/pc6/8DL49zs_both_/3783.pickle,1,1.0
Hemo_predi/Data_pk/pc6/8DL49zs_both_/3396.pickle,1,1.0
Hemo_predi/Data_pk/pc6/8DL49zs_both_/15.pickle,1,1.0
Hemo_predi/Data_pk/pc6/8DL49zs_both_/11820.pickle,1,1.0
Hemo_predi/Data_pk/pc6/8DL49zs_both_/7827.pickle,1,1.0
Hemo_predi/Data_pk/pc6/8DL49zs_both_/10752.pickle,1,1.0
Hemo_predi/Data_pk/pc6/8DL49zs_both_/998.pickle,1,1.0
Hemo_predi/Data_pk/pc6/8DL49zs_both_/13910.pickle,1,1.0
Hemo_predi/Data_pk/pc6/8DL49zs_both_/999.pickle,1,1.0
Hemo_predi/Data_pk/pc6/8DL49zs_both_/16622.pickle,1,1.0
Hemo_predi/Data_pk/pc6/8DL49zs_both_/9468.pickle,1,1.0
Hemo_predi/Data_pk/pc6/8DL49zs_both_/6991.pickle,1,1.0
Hemo_predi/Data_pk/pc6/8DL49zs_both_/17513.pickle,1,1.0
Hemo_predi/Data_pk/pc6/8DL49zs_both_/5617.pickle,1,1.0
Hemo_predi/Data_pk/pc6/8DL49zs_both_/2251.pickle,1,1.0
Hemo_predi/Data_pk/pc6/8DL49zs_both_/19560.pickle,1,1.0
Hemo_predi/Data_pk/pc6/8DL49zs_both_/7386.pickle,1,1.0
Hemo_predi/Data_pk/pc6/8DL49zs_both_/11230.pickle,1,1.0
Hemo_predi/Data_pk/pc6/8DL49zs_both_/18380.pickle,1,1.0
Hemo_predi/Data_pk/pc6/8DL49zs_both_/9407.pickle,1,1.0
Hemo_predi/Data_pk/pc6/8DL49zs_both_/1682.pickle,1,1.0
Hemo_predi/Data_pk/pc6/8DL49zs_both_/16598.pickle,1,1.0
Hemo_predi/Data_pk/pc6/8DL49zs_both_/3101.pickle,1,1.0
Hemo_predi/Data_pk/pc6/8DL49zs_both_/19233.pickle,1,1.0
Hemo_predi/Data_pk/pc6/8DL49zs_both_/11232.pickle,1,1.0
Hemo_predi/Data_pk/pc6/8DL49zs_both_/352.pickle,1,1.0
Hemo_predi/Data_pk/pc6/8DL49zs_both_/762.pickle,1,1.0
Hemo_predi/Data_pk/pc6/8DL49zs_both_/11850.pickle,1,1.0
Hemo_predi/Data_pk/pc6/8DL49zs_both_/14223.pickle,1,1.0
Hemo_predi/Data_pk/pc6/8DL49zs_both_/14253.pickle,1,1.0
Hemo_predi/Data_pk/pc6/8DL49zs_both_/13343.pickle,1,1.0
Hemo_predi/Data_pk/pc6/8DL49zs_both_/10834.pickle,1,1.0
Hemo_predi/Data_pk/pc6/8DL49zs_both_/18340.pickle,1,1.0
Hemo_predi/Data_pk/pc6/8DL49zs_both_/17199.pickle,1,1.0
Hemo_predi/Data_pk/pc6/8DL49zs_both_/1480.pickle,1,1.0
Hemo_predi/Data_pk/pc6/8DL49zs_both_/9891.pickle,1,1.0
Hemo_predi/Data_pk/pc6/8DL49zs_both_/11271.pickle,1,1.0
Hemo_predi/Data_pk/pc6/8DL49zs_both_/10602.pickle,1,1.0
Hemo_predi/Data_pk/pc6/8DL49zs_both_/619.pickle,1,1.0
Hemo_predi/Data_pk/pc6/8DL49zs_both_/17203.pickle,1,1.0
Hemo_predi/Data_pk/pc6/8DL49zs_both_/8918.pickle,1,1.0
Hemo_predi/Data_pk/pc6/8DL49zs_both_/3893.pickle,1,1.0
Hemo_predi/Data_pk/pc6/8DL49zs_both_/10105.pickle,1,1.0
Hemo_predi/Data_pk/pc6/8DL49zs_both_/13505.pickle,1,1.0
Hemo_predi/Data_pk/pc6/8DL49zs_both_/6983.pickle,1,1.0
Hemo_predi/Data_pk/pc6/8DL49zs_both_/4393.pickle,1,1.0
Hemo_predi/Data_pk/pc6/8DL49zs_both_/19119.pickle,1,1.0
Hemo_predi/Data_pk/pc6/8DL49zs_both_/2001.pickle,1,1.0
Hemo_predi/Data_pk/pc6/8DL49zs_both_/13515.pickle,1,1.0
Hemo_predi/Data_pk/pc6/8DL49zs_both_/19520.pickle,1,1.0
Hemo_predi/Data_pk/pc6/8DL49zs_both_/2189.pickle,1,1.0
Hemo_predi/Data_pk/pc6/8DL49zs_both_/20010.pickle,1,1.0
Hemo_predi/Data_pk/pc6/8DL49zs_both_/6706.pickle,1,1.0
Hemo_predi/Data_pk/pc6/8DL49zs_both_/8806.pickle,1,1.0
Hemo_predi/Data_pk/pc6/8DL49zs_both_/1428.pickle,1,1.0
Hemo_predi/Data_pk/pc6/8DL49zs_both_/17304.pickle,1,1.0
Hemo_predi/Data_pk/pc6/8DL49zs_both_/10706.pickle,1,1.0
Hemo_predi/Data_pk/pc6/8DL49zs_both_/7820.pickle,1,1.0
Hemo_predi/Data_pk/pc6/8DL49zs_both_/6984.pickle,1,1.0
Hemo_predi/Data_pk/pc6/8DL49zs_both_/1564.pickle,0,1.0
Hemo_predi/Data_pk/pc6/8DL49zs_both_/14229.pickle,0,1.0
Hemo_predi/Data_pk/pc6/8DL49zs_both_/14227.pickle,0,1.0
Hemo_predi/Data_pk/pc6/8DL49zs_both_/8496.pickle,0,1.0
Hemo_predi/Data_pk/pc6/8DL49zs_both_/4661.pickle,0,1.0
Hemo_predi/Data_pk/pc6/8DL49zs_both_/17007.pickle,0,1.0
Hemo_predi/Data_pk/pc6/8DL49zs_both_/14190.pickle,0,1.0
Hemo_predi/Data_pk/pc6/8DL49zs_both_/847.pickle,0,1.0
Hemo_predi/Data_pk/pc6/8DL49zs_both_/8490.pickle,0,1.0
Hemo_predi/Data_pk/pc6/8DL49zs_both_/3468.pickle,0,1.0
Hemo_predi/Data_pk/pc6/8DL49zs_both_/11550.pickle,0,1.0
Hemo_predi/Data_pk/pc6/8DL49zs_both_/3259.pickle,0,1.0
Hemo_predi/Data_pk/pc6/8DL49zs_both_/17010.pickle,0,1.0
Hemo_predi/Data_pk/pc6/8DL49zs_both_/8344.pickle,0,1.0
Hemo_predi/Data_pk/pc6/8DL49zs_both_/1017.pickle,0,1.0
Hemo_predi/Data_pk/pc6/8DL49zs_both_/16812.pickle,0,1.0
Hemo_predi/Data_pk/pc6/8DL49zs_both_/1014.pickle,0,1.0
Hemo_predi/Data_pk/pc6/8DL49zs_both_/16805.pickle,0,1.0
Hemo_predi/Data_pk/pc6/8DL49zs_both_/16796.pickle,0,1.0
Hemo_predi/Data_pk/pc6/8DL49zs_both_/1584.pickle,0,1.0
Hemo_predi/Data_pk/pc6/8DL49zs_both_/8492.pickle,0,1.0
Hemo_predi/Data_pk/pc6/8DL49zs_both_/4621.pickle,0,1.0
Hemo_predi/Data_pk/pc6/8DL49zs_both_/16995.pickle,0,1.0
Hemo_predi/Data_pk/pc6/8DL49zs_both_/4669.pickle,0,1.0
Hemo_predi/Data_pk/pc6/8DL49zs_both_/13995.pickle,0,1.0
Hemo_predi/Data_pk/pc6/8DL49zs_both_/14207.pickle,0,1.0
Hemo_predi/Data_pk/pc6/8DL49zs_both_/17335.pickle,0,1.0
Hemo_predi/Data_pk/pc6/8DL49zs_both_/2533.pickle,0,1.0
Hemo_predi/Data_pk/pc6/8DL49zs_both_/14274.pickle,0,1.0
Hemo_predi/Data_pk/pc6/8DL49zs_both_/19073.pickle,0,1.0
Hemo_predi/Data_pk/pc6/8DL49zs_both_/18522.pickle,0,1.0
Hemo_predi/Data_pk/pc6/8DL49zs_both_/13692.pickle,0,1.0
Hemo_predi/Data_pk/pc6/8DL49zs_both_/653.pickle,0,1.0
Hemo_predi/Data_pk/pc6/8DL49zs_both_/16918.pickle,0,1.0
Hemo_predi/Data_pk/pc6/8DL49zs_both_/4775.pickle,0,1.0
Hemo_predi/Data_pk/pc6/8DL49zs_both_/5280.pickle,0,1.0
Hemo_predi/Data_pk/pc6/8DL49zs_both_/16146.pickle,0,1.0
Hemo_predi/Data_pk/pc6/8DL49zs_both_/717.pickle,0,1.0
Hemo_predi/Data_pk/pc6/8DL49zs_both_/4778.pickle,0,1.0
Hemo_predi/Data_pk/pc6/8DL49zs_both_/5273.pickle,0,1.0
Hemo_predi/Data_pk/pc6/8DL49zs_both_/9339.pickle,0,1.0
Hemo_predi/Data_pk/pc6/8DL49zs_both_/655.pickle,0,1.0
Hemo_predi/Data_pk/pc6/8DL49zs_both_/2024.pickle,0,1.0
Hemo_predi/Data_pk/pc6/8DL49zs_both_/13450.pickle,0,1.0
Hemo_predi/Data_pk/pc6/8DL49zs_both_/18523.pickle,0,1.0
Hemo_predi/Data_pk/pc6/8DL49zs_both_/19008.pickle,0,1.0
Hemo_predi/Data_pk/pc6/8DL49zs_both_/16336.pickle,0,1.0
Hemo_predi/Data_pk/pc6/8DL49zs_both_/13449.pickle,0,1.0
Hemo_predi/Data_pk/pc6/8DL49zs_both_/15521.pickle,0,1.0
Hemo_predi/Data_pk/pc6/8DL49zs_both_/8998.pickle,0,1.0
Hemo_predi/Data_pk/pc6/8DL49zs_both_/18465.pickle,0,1.0
Hemo_predi/Data_pk/pc6/8DL49zs_both_/12604.pickle,0,1.0
Hemo_predi/Data_pk/pc6/8DL49zs_both_/12118.pickle,0,1.0
Hemo_predi/Data_pk/pc6/8DL49zs_both_/1948.pickle,0,1.0
Hemo_predi/Data_pk/pc6/8DL49zs_both_/10694.pickle,0,1.0
Hemo_predi/Data_pk/pc6/8DL49zs_both_/20293.pickle,0,1.0
Hemo_predi/Data_pk/pc6/8DL49zs_both_/13687.pickle,0,1.0
Hemo_predi/Data_pk/pc6/8DL49zs_both_/8081.pickle,0,1.0
Hemo_predi/Data_pk/pc6/8DL49zs_both_/17292.pickle,0,1.0
Hemo_predi/Data_pk/pc6/8DL49zs_both_/1947.pickle,0,1.0
Hemo_predi/Data_pk/pc6/8DL49zs_both_/18830.pickle,0,1.0
Hemo_predi/Data_pk/pc6/8DL49zs_both_/9741.pickle,0,1.0
Hemo_predi/Data_pk/pc6/8DL49zs_both_/16997.pickle,0,1.0
Hemo_predi/Data_pk/pc6/8DL49zs_both_/16428.pickle,0,1.0
Hemo_predi/Data_pk/pc6/8DL49zs_both_/13691.pickle,0,1.0
Hemo_predi/Data_pk/pc6/8DL49zs_both_/13016.pickle,0,1.0
Hemo_predi/Data_pk/pc6/8DL49zs_both_/12601.pickle,0,1.0
Hemo_predi/Data_pk/pc6/8DL49zs_both_/5457.pickle,0,1.0
Hemo_predi/Data_pk/pc6/8DL49zs_both_/11932.pickle,0,1.0
Hemo_predi/Data_pk/pc6/8DL49zs_both_/9906.pickle,0,1.0
Hemo_predi/Data_pk/pc6/8DL49zs_both_/1133.pickle,0,1.0
Hemo_predi/Data_pk/pc6/8DL49zs_both_/16887.pickle,0,1.0
Hemo_predi/Data_pk/pc6/8DL49zs_both_/13010.pickle,0,1.0
Hemo_predi/Data_pk/pc6/8DL49zs_both_/13014.pickle,0,1.0
Hemo_predi/Data_pk/pc6/8DL49zs_both_/16901.pickle,0,1.0
Hemo_predi/Data_pk/pc6/8DL49zs_both_/1672.pickle,0,1.0
Hemo_predi/Data_pk/pc6/8DL49zs_both_/15910.pickle,0,1.0
Hemo_predi/Data_pk/pc6/8DL49zs_both_/10915.pickle,0,1.0
Hemo_predi/Data_pk/pc6/8DL49zs_both_/7449.pickle,0,1.0
Hemo_predi/Data_pk/pc6/8DL49zs_both_/8267.pickle,0,1.0
Hemo_predi/Data_pk/pc6/8DL49zs_both_/1013.pickle,0,1.0
Hemo_predi/Data_pk/pc6/8DL49zs_both_/16521.pickle,0,1.0
Hemo_predi/Data_pk/pc6/8DL49zs_both_/11983.pickle,0,1.0
Hemo_predi/Data_pk/pc6/8DL49zs_both_/12952.pickle,0,1.0
Hemo_predi/Data_pk/pc6/8DL49zs_both_/8048.pickle,0,1.0
Hemo_predi/Data_pk/pc6/8DL49zs_both_/5912.pickle,0,1.0
Hemo_predi/Data_pk/pc6/8DL49zs_both_/7442.pickle,0,1.0
Hemo_predi/Data_pk/pc6/8DL49zs_both_/1497.pickle,0,1.0
Hemo_predi/Data_pk/pc6/8DL49zs_both_/2538.pickle,0,1.0
Hemo_predi/Data_pk/pc6/8DL49zs_both_/7441.pickle,0,1.0
Hemo_predi/Data_pk/pc6/8DL49zs_both_/16530.pickle,0,1.0
Hemo_predi/Data_pk/pc6/8DL49zs_both_/4698.pickle,0,1.0
Hemo_predi/Data_pk/pc6/8DL49zs_both_/13730.pickle,0,1.0
Hemo_predi/Data_pk/pc6/8DL49zs_both_/10972.pickle,0,1.0
Hemo_predi/Data_pk/pc6/8DL49zs_both_/4204.pickle,0,1.0
Hemo_predi/Data_pk/pc6/8DL49zs_both_/4889.pickle,0,1.0
Hemo_predi/Data_pk/pc6/8DL49zs_both_/15088.pickle,0,1.0
Hemo_predi/Data_pk/pc6/8DL49zs_both_/13423.pickle,0,1.0
Hemo_predi/Data_pk/pc6/8DL49zs_both_/19007.pickle,0,1.0
Hemo_predi/Data_pk/pc6/8DL49zs_both_/11382.pickle,0,1.0
Hemo_predi/Data_pk/pc6/8DL49zs_both_/8417.pickle,0,1.0
Hemo_predi/Data_pk/pc6/8DL49zs_both_/5100.pickle,0,1.0
Hemo_predi/Data_pk/pc6/8DL49zs_both_/14004.pickle,0,1.0
Hemo_predi/Data_pk/pc6/8DL49zs_both_/9911.pickle,0,1.0
Hemo_predi/Data_pk/pc6/8DL49zs_both_/5088.pickle,0,1.0
Hemo_predi/Data_pk/pc6/8DL49zs_both_/4535.pickle,0,1.0
Hemo_predi/Data_pk/pc6/8DL49zs_both_/15092.pickle,0,1.0
Hemo_predi/Data_pk/pc6/8DL49zs_both_/8286.pickle,0,1.0
Hemo_predi/Data_pk/pc6/8DL49zs_both_/5971.pickle,0,1.0
Hemo_predi/Data_pk/pc6/8DL49zs_both_/16354.pickle,0,1.0
Hemo_predi/Data_pk/pc6/8DL49zs_both_/7959.pickle,0,1.0
Hemo_predi/Data_pk/pc6/8DL49zs_both_/4743.pickle,0,1.0
Hemo_predi/Data_pk/pc6/8DL49zs_both_/7005.pickle,0,1.0
Hemo_predi/Data_pk/pc6/8DL49zs_both_/11365.pickle,0,1.0
Hemo_predi/Data_pk/pc6/8DL49zs_both_/10590.pickle,0,1.0
Hemo_predi/Data_pk/pc6/8DL49zs_both_/5622.pickle,0,1.0
Hemo_predi/Data_pk/pc6/8DL49zs_both_/5613.pickle,0,1.0
Hemo_predi/Data_pk/pc6/8DL49zs_both_/14163.pickle,0,1.0
Hemo_predi/Data_pk/pc6/8DL49zs_both_/766.pickle,0,1.0
Hemo_predi/Data_pk/pc6/8DL49zs_both_/7389.pickle,0,1.0
Hemo_predi/Data_pk/pc6/8DL49zs_both_/9679.pickle,0,1.0
Hemo_predi/Data_pk/pc6/8DL49zs_both_/6377.pickle,0,1.0
Hemo_predi/Data_pk/pc6/8DL49zs_both_/11361.pickle,0,1.0
Hemo_predi/Data_pk/pc6/8DL49zs_both_/11742.pickle,0,1.0
Hemo_predi/Data_pk/pc6/8DL49zs_both_/7633.pickle,0,1.0
Hemo_predi/Data_pk/pc6/8DL49zs_both_/7632.pickle,0,1.0
Hemo_predi/Data_pk/pc6/8DL49zs_both_/2359.pickle,0,1.0
Hemo_predi/Data_pk/pc6/8DL49zs_both_/18436.pickle,0,1.0
Hemo_predi/Data_pk/pc6/8DL49zs_both_/19781.pickle,0,1.0
Hemo_predi/Data_pk/pc6/8DL49zs_both_/10386.pickle,0,1.0
Hemo_predi/Data_pk/pc6/8DL49zs_both_/11734.pickle,0,1.0
Hemo_predi/Data_pk/pc6/8DL49zs_both_/1545.pickle,0,1.0
Hemo_predi/Data_pk/pc6/8DL49zs_both_/17054.pickle,0,1.0
Hemo_predi/Data_pk/pc6/8DL49zs_both_/1505.pickle,0,1.0
Hemo_predi/Data_pk/pc6/8DL49zs_both_/1499.pickle,0,1.0
Hemo_predi/Data_pk/pc6/8DL49zs_both_/12923.pickle,0,1.0
Hemo_predi/Data_pk/pc6/8DL49zs_both_/7634.pickle,0,1.0
Hemo_predi/Data_pk/pc6/8DL49zs_both_/17056.pickle,0,1.0
Hemo_predi/Data_pk/pc6/8DL49zs_both_/7587.pickle,0,1.0
Hemo_predi/Data_pk/pc6/8DL49zs_both_/10223.pickle,0,1.0
Hemo_predi/Data_pk/pc6/8DL49zs_both_/3905.pickle,0,1.0
Hemo_predi/Data_pk/pc6/8DL49zs_both_/10958.pickle,0,1.0
Hemo_predi/Data_pk/pc6/8DL49zs_both_/4122.pickle,0,1.0
Hemo_predi/Data_pk/pc6/8DL49zs_both_/16004.pickle,0,1.0
Hemo_predi/Data_pk/pc6/8DL49zs_both_/3904.pickle,0,1.0
Hemo_predi/Data_pk/pc6/8DL49zs_both_/16003.pickle,0,1.0
Hemo_predi/Data_pk/pc6/8DL49zs_both_/3109.pickle,0,1.0
Hemo_predi/Data_pk/pc6/8DL49zs_both_/9877.pickle,0,1.0
Hemo_predi/Data_pk/pc6/8DL49zs_both_/13027.pickle,0,1.0
Hemo_predi/Data_pk/pc6/8DL49zs_both_/55.pickle,0,1.0
Hemo_predi/Data_pk/pc6/8DL49zs_both_/5211.pickle,0,1.0
Hemo_predi/Data_pk/pc6/8DL49zs_both_/16593.pickle,0,1.0
Hemo_predi/Data_pk/pc6/8DL49zs_both_/5055.pickle,0,1.0
Hemo_predi/Data_pk/pc6/8DL49zs_both_/2360.pickle,0,1.0
Hemo_predi/Data_pk/pc6/8DL49zs_both_/1684.pickle,0,1.0
Hemo_predi/Data_pk/pc6/8DL49zs_both_/4649.pickle,0,1.0
Hemo_predi/Data_pk/pc6/8DL49zs_both_/18314.pickle,0,1.0
Hemo_predi/Data_pk/pc6/8DL49zs_both_/11261.pickle,0,1.0
Hemo_predi/Data_pk/pc6/8DL49zs_both_/9894.pickle,0,1.0
Hemo_predi/Data_pk/pc6/8DL49zs_both_/230.pickle,0,1.0
Hemo_predi/Data_pk/pc6/8DL49zs_both_/11171.pickle,0,1.0
Hemo_predi/Data_pk/pc6/8DL49zs_both_/6502.pickle,0,1.0
Hemo_predi/Data_pk/pc6/8DL49zs_both_/5545.pickle,0,1.0
Hemo_predi/Data_pk/pc6/8DL49zs_both_/19402.pickle,0,1.0
Hemo_predi/Data_pk/pc6/8DL49zs_both_/18114.pickle,0,1.0
Hemo_predi/Data_pk/pc6/8DL49zs_both_/10074.pickle,0,1.0
Hemo_predi/Data_pk/pc6/8DL49zs_both_/5525.pickle,0,1.0
Hemo_predi/Data_pk/pc6/8DL49zs_both_/3755.pickle,0,1.0
Hemo_predi/Data_pk/pc6/8DL49zs_both_/16148.pickle,0,1.0
Hemo_predi/Data_pk/pc6/8DL49zs_both_/8042.pickle,0,1.0
Hemo_predi/Data_pk/pc6/8DL49zs_both_/10072.pickle,0,1.0
Hemo_predi/Data_pk/pc6/8DL49zs_both_/12218.pickle,1,1.0
Hemo_predi/Data_pk/pc6/8DL49zs_both_/13846.pickle,1,1.0
Hemo_predi/Data_pk/pc6/8DL49zs_both_/2264.pickle,1,1.0
Hemo_predi/Data_pk/pc6/8DL49zs_both_/13811.pickle,1,1.0
Hemo_predi/Data_pk/pc6/8DL49zs_both_/18175.pickle,1,1.0
Hemo_predi/Data_pk/pc6/8DL49zs_both_/1522.pickle,1,1.0
Hemo_predi/Data_pk/pc6/8DL49zs_both_/13824.pickle,1,1.0
Hemo_predi/Data_pk/pc6/8DL49zs_both_/5021.pickle,1,1.0
Hemo_predi/Data_pk/pc6/8DL49zs_both_/6841.pickle,1,1.0
Hemo_predi/Data_pk/pc6/8DL49zs_both_/5193.pickle,1,1.0
Hemo_predi/Data_pk/pc6/8DL49zs_both_/19243.pickle,1,1.0
Hemo_predi/Data_pk/pc6/8DL49zs_both_/8064.pickle,1,1.0
Hemo_predi/Data_pk/pc6/8DL49zs_both_/20231.pickle,1,1.0
Hemo_predi/Data_pk/pc6/8DL49zs_both_/17984.pickle,1,1.0
Hemo_predi/Data_pk/pc6/8DL49zs_both_/13822.pickle,1,1.0
Hemo_predi/Data_pk/pc6/8DL49zs_both_/14176.pickle,1,1.0
Hemo_predi/Data_pk/pc6/8DL49zs_both_/4625.pickle,1,1.0
Hemo_predi/Data_pk/pc6/8DL49zs_both_/2204.pickle,1,1.0
Hemo_predi/Data_pk/pc6/8DL49zs_both_/16223.pickle,1,1.0
Hemo_predi/Data_pk/pc6/8DL49zs_both_/13851.pickle,1,1.0
Hemo_predi/Data_pk/pc6/8DL49zs_both_/19470.pickle,1,1.0
Hemo_predi/Data_pk/pc6/8DL49zs_both_/1204.pickle,1,1.0
Hemo_predi/Data_pk/pc6/8DL49zs_both_/10829.pickle,1,1.0
Hemo_predi/Data_pk/pc6/8DL49zs_both_/13826.pickle,1,1.0
Hemo_predi/Data_pk/pc6/8DL49zs_both_/4951.pickle,1,1.0
Hemo_predi/Data_pk/pc6/8DL49zs_both_/4760.pickle,1,1.0
Hemo_predi/Data_pk/pc6/8DL49zs_both_/17120.pickle,1,1.0
Hemo_predi/Data_pk/pc6/8DL49zs_both_/8995.pickle,1,1.0
Hemo_predi/Data_pk/pc6/8DL49zs_both_/1585.pickle,1,1.0
Hemo_predi/Data_pk/pc6/8DL49zs_both_/4212.pickle,1,1.0
Hemo_predi/Data_pk/pc6/8DL49zs_both_/14269.pickle,1,1.0
Hemo_predi/Data_pk/pc6/8DL49zs_both_/14262.pickle,1,1.0
Hemo_predi/Data_pk/pc6/8DL49zs_both_/16210.pickle,1,1.0
Hemo_predi/Data_pk/pc6/8DL49zs_both_/4829.pickle,1,1.0
Hemo_predi/Data_pk/pc6/8DL49zs_both_/18513.pickle,1,1.0
Hemo_predi/Data_pk/pc6/8DL49zs_both_/20214.pickle,1,1.0
Hemo_predi/Data_pk/pc6/8DL49zs_both_/2325.pickle,1,1.0
Hemo_predi/Data_pk/pc6/8DL49zs_both_/14782.pickle,1,1.0
Hemo_predi/Data_pk/pc6/8DL49zs_both_/498.pickle,1,1.0
Hemo_predi/Data_pk/pc6/8DL49zs_both_/8800.pickle,1,1.0
Hemo_predi/Data_pk/pc6/8DL49zs_both_/16229.pickle,1,1.0
Hemo_predi/Data_pk/pc6/8DL49zs_both_/16213.pickle,1,1.0
Hemo_predi/Data_pk/pc6/8DL49zs_both_/3366.pickle,1,1.0
Hemo_predi/Data_pk/pc6/8DL49zs_both_/14781.pickle,1,1.0
Hemo_predi/Data_pk/pc6/8DL49zs_both_/17181.pickle,1,1.0
Hemo_predi/Data_pk/pc6/8DL49zs_both_/3376.pickle,1,1.0
Hemo_predi/Data_pk/pc6/8DL49zs_both_/15945.pickle,1,1.0
Hemo_predi/Data_pk/pc6/8DL49zs_both_/256.pickle,1,1.0
Hemo_predi/Data_pk/pc6/8DL49zs_both_/6962.pickle,1,1.0
Hemo_predi/Data_pk/pc6/8DL49zs_both_/13723.pickle,1,1.0
Hemo_predi/Data_pk/pc6/8DL49zs_both_/16245.pickle,1,1.0
Hemo_predi/Data_pk/pc6/8DL49zs_both_/10246.pickle,1,1.0
Hemo_predi/Data_pk/pc6/8DL49zs_both_/2294.pickle,1,1.0
Hemo_predi/Data_pk/pc6/8DL49zs_both_/6830.pickle,1,1.0
Hemo_predi/Data_pk/pc6/8DL49zs_both_/11568.pickle,1,1.0
Hemo_predi/Data_pk/pc6/8DL49zs_both_/14204.pickle,1,1.0
Hemo_predi/Data_pk/pc6/8DL49zs_both_/19144.pickle,1,1.0
Hemo_predi/Data_pk/pc6/8DL49zs_both_/10743.pickle,1,1.0
Hemo_predi/Data_pk/pc6/8DL49zs_both_/5623.pickle,1,1.0
Hemo_predi/Data_pk/pc6/8DL49zs_both_/4612.pickle,1,1.0
Hemo_predi/Data_pk/pc6/8DL49zs_both_/9058.pickle,1,1.0
Hemo_predi/Data_pk/pc6/8DL49zs_both_/9858.pickle,1,1.0
Hemo_predi/Data_pk/pc6/8DL49zs_both_/10742.pickle,1,1.0
Hemo_predi/Data_pk/pc6/8DL49zs_both_/15955.pickle,1,1.0
Hemo_predi/Data_pk/pc6/8DL49zs_both_/2209.pickle,1,1.0
Hemo_predi/Data_pk/pc6/8DL49zs_both_/4406.pickle,1,1.0
Hemo_predi/Data_pk/pc6/8DL49zs_both_/11569.pickle,1,1.0
Hemo_predi/Data_pk/pc6/8DL49zs_both_/3585.pickle,1,1.0
Hemo_predi/Data_pk/pc6/8DL49zs_both_/5512.pickle,1,1.0
Hemo_predi/Data_pk/pc6/8DL49zs_both_/5417.pickle,1,1.0
Hemo_predi/Data_pk/pc6/8DL49zs_both_/10215.pickle,1,1.0
Hemo_predi/Data_pk/pc6/8DL49zs_both_/2290.pickle,1,1.0
Hemo_predi/Data_pk/pc6/8DL49zs_both_/10251.pickle,1,1.0
Hemo_predi/Data_pk/pc6/8DL49zs_both_/6532.pickle,1,1.0
Hemo_predi/Data_pk/pc6/8DL49zs_both_/3196.pickle,1,1.0
Hemo_predi/Data_pk/pc6/8DL49zs_both_/5627.pickle,1,1.0
Hemo_predi/Data_pk/pc6/8DL49zs_both_/5515.pickle,1,1.0
Hemo_predi/Data_pk/pc6/8DL49zs_both_/5696.pickle,1,1.0
Hemo_predi/Data_pk/pc6/8DL49zs_both_/4343.pickle,1,1.0
Hemo_predi/Data_pk/pc6/8DL49zs_both_/11935.pickle,1,1.0
Hemo_predi/Data_pk/pc6/8DL49zs_both_/2291.pickle,1,1.0
Hemo_predi/Data_pk/pc6/8DL49zs_both_/18070.pickle,1,1.0
Hemo_predi/Data_pk/pc6/8DL49zs_both_/7926.pickle,1,1.0
Hemo_predi/Data_pk/pc6/8DL49zs_both_/15911.pickle,1,1.0
Hemo_predi/Data_pk/pc6/8DL49zs_both_/4887.pickle,1,1.0
Hemo_predi/Data_pk/pc6/8DL49zs_both_/2257.pickle,1,1.0
Hemo_predi/Data_pk/pc6/8DL49zs_both_/13190.pickle,1,1.0
Hemo_predi/Data_pk/pc6/8DL49zs_both_/12894.pickle,1,1.0
Hemo_predi/Data_pk/pc6/8DL49zs_both_/565.pickle,1,1.0
Hemo_predi/Data_pk/pc6/8DL49zs_both_/997.pickle,1,1.0
Hemo_predi/Data_pk/pc6/8DL49zs_both_/1893.pickle,1,1.0
Hemo_predi/Data_pk/pc6/8DL49zs_both_/1409.pickle,1,1.0
Hemo_predi/Data_pk/pc6/8DL49zs_both_/7830.pickle,1,1.0
Hemo_predi/Data_pk/pc6/8DL49zs_both_/13357.pickle,1,1.0
Hemo_predi/Data_pk/pc6/8DL49zs_both_/18030.pickle,1,1.0
Hemo_predi/Data_pk/pc6/8DL49zs_both_/10719.pickle,1,1.0
Hemo_predi/Data_pk/pc6/8DL49zs_both_/3154.pickle,1,1.0
Hemo_predi/Data_pk/pc6/8DL49zs_both_/4418.pickle,1,1.0
Hemo_predi/Data_pk/pc6/8DL49zs_both_/7934.pickle,1,1.0
Hemo_predi/Data_pk/pc6/8DL49zs_both_/10644.pickle,1,1.0
Hemo_predi/Data_pk/pc6/8DL49zs_both_/5593.pickle,1,1.0
Hemo_predi/Data_pk/pc6/8DL49zs_both_/19290.pickle,1,1.0
Hemo_predi/Data_pk/pc6/8DL49zs_both_/10436.pickle,1,1.0
Hemo_predi/Data_pk/pc6/8DL49zs_both_/6526.pickle,1,1.0
Hemo_predi/Data_pk/pc6/8DL49zs_both_/7646.pickle,1,1.0
Hemo_predi/Data_pk/pc6/8DL49zs_both_/6545.pickle,1,1.0
Hemo_predi/Data_pk/pc6/8DL49zs_both_/17519.pickle,1,1.0
Hemo_predi/Data_pk/pc6/8DL49zs_both_/17196.pickle,1,1.0
Hemo_predi/Data_pk/pc6/8DL49zs_both_/1999.pickle,1,1.0
Hemo_predi/Data_pk/pc6/8DL49zs_both_/8595.pickle,1,1.0
Hemo_predi/Data_pk/pc6/8DL49zs_both_/2298.pickle,1,1.0
Hemo_predi/Data_pk/pc6/8DL49zs_both_/14998.pickle,1,1.0
Hemo_predi/Data_pk/pc6/8DL49zs_both_/4918.pickle,1,1.0
Hemo_predi/Data_pk/pc6/8DL49zs_both_/2508.pickle,1,1.0
Hemo_predi/Data_pk/pc6/8DL49zs_both_/6975.pickle,1,1.0
Hemo_predi/Data_pk/pc6/8DL49zs_both_/6903.pickle,1,1.0
Hemo_predi/Data_pk/pc6/8DL49zs_both_/6703.pickle,1,1.0
Hemo_predi/Data_pk/pc6/8DL49zs_both_/2719.pickle,1,1.0
Hemo_predi/Data_pk/pc6/8DL49zs_both_/4366.pickle,1,1.0
Hemo_predi/Data_pk/pc6/8DL49zs_both_/8593.pickle,1,1.0
Hemo_predi/Data_pk/pc6/8DL49zs_both_/13727.pickle,1,1.0
Hemo_predi/Data_pk/pc6/8DL49zs_both_/6977.pickle,1,1.0
Hemo_predi/Data_pk/pc6/8DL49zs_both_/10169.pickle,1,1.0
Hemo_predi/Data_pk/pc6/8DL49zs_both_/14225.pickle,1,1.0
Hemo_predi/Data_pk/pc6/8DL49zs_both_/3889.pickle,1,1.0
Hemo_predi/Data_pk/pc6/8DL49zs_both_/11256.pickle,1,1.0
Hemo_predi/Data_pk/pc6/8DL49zs_both_/353.pickle,1,1.0
Hemo_predi/Data_pk/pc6/8DL49zs_both_/19556.pickle,1,1.0
Hemo_predi/Data_pk/pc6/8DL49zs_both_/4872.pickle,1,1.0
Hemo_predi/Data_pk/pc6/8DL49zs_both_/6901.pickle,1,1.0
Hemo_predi/Data_pk/pc6/8DL49zs_both_/1460.pickle,1,1.0
Hemo_predi/Data_pk/pc6/8DL49zs_both_/16597.pickle,1,1.0
Hemo_predi/Data_pk/pc6/8DL49zs_both_/10403.pickle,1,1.0
Hemo_predi/Data_pk/pc6/8DL49zs_both_/16603.pickle,1,1.0
Hemo_predi/Data_pk/pc6/8DL49zs_both_/10609.pickle,1,1.0
Hemo_predi/Data_pk/pc6/8DL49zs_both_/6978.pickle,1,1.0
Hemo_predi/Data_pk/pc6/8DL49zs_both_/9883.pickle,1,1.0
Hemo_predi/Data_pk/pc6/8DL49zs_both_/16860.pickle,1,1.0
Hemo_predi/Data_pk/pc6/8DL49zs_both_/484.pickle,1,1.0
Hemo_predi/Data_pk/pc6/8DL49zs_both_/19552.pickle,1,1.0
Hemo_predi/Data_pk/pc6/8DL49zs_both_/10076.pickle,1,1.0
Hemo_predi/Data_pk/pc6/8DL49zs_both_/2165.pickle,1,1.0
Hemo_predi/Data_pk/pc6/8DL49zs_both_/4548.pickle,1,1.0
Hemo_predi/Data_pk/pc6/8DL49zs_both_/4544.pickle,1,1.0
Hemo_predi/Data_pk/pc6/8DL49zs_both_/16617.pickle,1,1.0
Hemo_predi/Data_pk/pc6/8DL49zs_both_/2190.pickle,1,1.0
Hemo_predi/Data_pk/pc6/8DL49zs_both_/19522.pickle,1,1.0
Hemo_predi/Data_pk/pc6/8DL49zs_both_/2166.pickle,1,1.0
Hemo_predi/Data_pk/pc6/8DL49zs_both_/8943.pickle,1,1.0
Hemo_predi/Data_pk/pc6/8DL49zs_both_/7227.pickle,1,1.0
Hemo_predi/Data_pk/pc6/8DL49zs_both_/15920.pickle,1,1.0
Hemo_predi/Data_pk/pc6/8DL49zs_both_/13660.pickle,1,1.0
Hemo_predi/Data_pk/pc6/8DL49zs_both_/8197.pickle,1,1.0
Hemo_predi/Data_pk/pc6/8DL49zs_both_/4542.pickle,1,1.0
Hemo_predi/Data_pk/pc6/8DL49zs_both_/9869.pickle,1,1.0
Hemo_predi/Data_pk/pc6/8DL49zs_both_/19518.pickle,1,1.0
Hemo_predi/Data_pk/pc6/8DL49zs_both_/13537.pickle,0,1.0
Hemo_predi/Data_pk/pc6/8DL49zs_both_/3388.pickle,0,1.0
Hemo_predi/Data_pk/pc6/8DL49zs_both_/4664.pickle,0,1.0
Hemo_predi/Data_pk/pc6/8DL49zs_both_/943.pickle,0,1.0
Hemo_predi/Data_pk/pc6/8DL49zs_both_/941.pickle,0,1.0
Hemo_predi/Data_pk/pc6/8DL49zs_both_/12927.pickle,0,1.0
Hemo_predi/Data_pk/pc6/8DL49zs_both_/16908.pickle,0,1.0
Hemo_predi/Data_pk/pc6/8DL49zs_both_/4526.pickle,0,1.0
Hemo_predi/Data_pk/pc6/8DL49zs_both_/14440.pickle,0,1.0
Hemo_predi/Data_pk/pc6/8DL49zs_both_/17006.pickle,0,1.0
Hemo_predi/Data_pk/pc6/8DL49zs_both_/7630.pickle,0,1.0
Hemo_predi/Data_pk/pc6/8DL49zs_both_/10244.pickle,0,1.0
Hemo_predi/Data_pk/pc6/8DL49zs_both_/8488.pickle,0,1.0
Hemo_predi/Data_pk/pc6/8DL49zs_both_/9574.pickle,0,1.0
Hemo_predi/Data_pk/pc6/8DL49zs_both_/3387.pickle,0,1.0
Hemo_predi/Data_pk/pc6/8DL49zs_both_/11224.pickle,0,1.0
Hemo_predi/Data_pk/pc6/8DL49zs_both_/9226.pickle,0,1.0
Hemo_predi/Data_pk/pc6/8DL49zs_both_/4670.pickle,0,1.0
Hemo_predi/Data_pk/pc6/8DL49zs_both_/7105.pickle,0,1.0
Hemo_predi/Data_pk/pc6/8DL49zs_both_/13994.pickle,0,1.0
Hemo_predi/Data_pk/pc6/8DL49zs_both_/14639.pickle,0,1.0
Hemo_predi/Data_pk/pc6/8DL49zs_both_/1015.pickle,0,1.0
Hemo_predi/Data_pk/pc6/8DL49zs_both_/1519.pickle,0,1.0
Hemo_predi/Data_pk/pc6/8DL49zs_both_/12522.pickle,0,1.0
Hemo_predi/Data_pk/pc6/8DL49zs_both_/17112.pickle,0,1.0
Hemo_predi/Data_pk/pc6/8DL49zs_both_/14949.pickle,0,1.0
Hemo_predi/Data_pk/pc6/8DL49zs_both_/9333.pickle,0,1.0
Hemo_predi/Data_pk/pc6/8DL49zs_both_/8077.pickle,0,1.0
Hemo_predi/Data_pk/pc6/8DL49zs_both_/13456.pickle,0,1.0
Hemo_predi/Data_pk/pc6/8DL49zs_both_/10204.pickle,0,1.0
Hemo_predi/Data_pk/pc6/8DL49zs_both_/10462.pickle,0,1.0
Hemo_predi/Data_pk/pc6/8DL49zs_both_/7628.pickle,0,1.0
Hemo_predi/Data_pk/pc6/8DL49zs_both_/10465.pickle,0,1.0
Hemo_predi/Data_pk/pc6/8DL49zs_both_/8046.pickle,0,1.0
Hemo_predi/Data_pk/pc6/8DL49zs_both_/16916.pickle,0,1.0
Hemo_predi/Data_pk/pc6/8DL49zs_both_/2163.pickle,0,1.0
Hemo_predi/Data_pk/pc6/8DL49zs_both_/15849.pickle,0,1.0
Hemo_predi/Data_pk/pc6/8DL49zs_both_/8041.pickle,0,1.0
Hemo_predi/Data_pk/pc6/8DL49zs_both_/4112.pickle,0,1.0
Hemo_predi/Data_pk/pc6/8DL49zs_both_/12109.pickle,0,1.0
Hemo_predi/Data_pk/pc6/8DL49zs_both_/15847.pickle,0,1.0
Hemo_predi/Data_pk/pc6/8DL49zs_both_/14584.pickle,0,1.0
Hemo_predi/Data_pk/pc6/8DL49zs_both_/4763.pickle,0,1.0
Hemo_predi/Data_pk/pc6/8DL49zs_both_/4765.pickle,0,1.0
Hemo_predi/Data_pk/pc6/8DL49zs_both_/7387.pickle,0,1.0
Hemo_predi/Data_pk/pc6/8DL49zs_both_/13529.pickle,0,1.0
Hemo_predi/Data_pk/pc6/8DL49zs_both_/13457.pickle,0,1.0
Hemo_predi/Data_pk/pc6/8DL49zs_both_/16915.pickle,0,1.0
Hemo_predi/Data_pk/pc6/8DL49zs_both_/9919.pickle,0,1.0
Hemo_predi/Data_pk/pc6/8DL49zs_both_/19014.pickle,0,1.0
Hemo_predi/Data_pk/pc6/8DL49zs_both_/14628.pickle,0,1.0
Hemo_predi/Data_pk/pc6/8DL49zs_both_/7384.pickle,0,1.0
Hemo_predi/Data_pk/pc6/8DL49zs_both_/15068.pickle,0,1.0
Hemo_predi/Data_pk/pc6/8DL49zs_both_/16810.pickle,0,1.0
Hemo_predi/Data_pk/pc6/8DL49zs_both_/6521.pickle,0,1.0
Hemo_predi/Data_pk/pc6/8DL49zs_both_/13679.pickle,0,1.0
Hemo_predi/Data_pk/pc6/8DL49zs_both_/13681.pickle,0,1.0
Hemo_predi/Data_pk/pc6/8DL49zs_both_/4562.pickle,0,1.0
Hemo_predi/Data_pk/pc6/8DL49zs_both_/13431.pickle,0,1.0
Hemo_predi/Data_pk/pc6/8DL49zs_both_/20290.pickle,0,1.0
Hemo_predi/Data_pk/pc6/8DL49zs_both_/16893.pickle,0,1.0
Hemo_predi/Data_pk/pc6/8DL49zs_both_/14636.pickle,0,1.0
Hemo_predi/Data_pk/pc6/8DL49zs_both_/20292.pickle,0,1.0
Hemo_predi/Data_pk/pc6/8DL49zs_both_/13172.pickle,0,1.0
Hemo_predi/Data_pk/pc6/8DL49zs_both_/13688.pickle,0,1.0
Hemo_predi/Data_pk/pc6/8DL49zs_both_/16790.pickle,0,1.0
Hemo_predi/Data_pk/pc6/8DL49zs_both_/2872.pickle,0,1.0
Hemo_predi/Data_pk/pc6/8DL49zs_both_/20289.pickle,0,1.0
Hemo_predi/Data_pk/pc6/8DL49zs_both_/13071.pickle,0,1.0
Hemo_predi/Data_pk/pc6/8DL49zs_both_/12571.pickle,0,1.0
Hemo_predi/Data_pk/pc6/8DL49zs_both_/8770.pickle,0,1.0
Hemo_predi/Data_pk/pc6/8DL49zs_both_/13017.pickle,0,1.0
Hemo_predi/Data_pk/pc6/8DL49zs_both_/16892.pickle,0,1.0
Hemo_predi/Data_pk/pc6/8DL49zs_both_/12107.pickle,0,1.0
Hemo_predi/Data_pk/pc6/8DL49zs_both_/7388.pickle,0,1.0
Hemo_predi/Data_pk/pc6/8DL49zs_both_/12615.pickle,0,1.0
Hemo_predi/Data_pk/pc6/8DL49zs_both_/4977.pickle,0,1.0
Hemo_predi/Data_pk/pc6/8DL49zs_both_/10356.pickle,0,1.0
Hemo_predi/Data_pk/pc6/8DL49zs_both_/1010.pickle,0,1.0
Hemo_predi/Data_pk/pc6/8DL49zs_both_/8045.pickle,0,1.0
Hemo_predi/Data_pk/pc6/8DL49zs_both_/1451.pickle,0,1.0
Hemo_predi/Data_pk/pc6/8DL49zs_both_/919.pickle,0,1.0
Hemo_predi/Data_pk/pc6/8DL49zs_both_/18690.pickle,0,1.0
Hemo_predi/Data_pk/pc6/8DL49zs_both_/13744.pickle,0,1.0
Hemo_predi/Data_pk/pc6/8DL49zs_both_/18692.pickle,0,1.0
Hemo_predi/Data_pk/pc6/8DL49zs_both_/1502.pickle,0,1.0
Hemo_predi/Data_pk/pc6/8DL49zs_both_/5387.pickle,0,1.0
Hemo_predi/Data_pk/pc6/8DL49zs_both_/16533.pickle,0,1.0
Hemo_predi/Data_pk/pc6/8DL49zs_both_/10755.pickle,0,1.0
Hemo_predi/Data_pk/pc6/8DL49zs_both_/5911.pickle,0,1.0
Hemo_predi/Data_pk/pc6/8DL49zs_both_/13254.pickle,0,1.0
Hemo_predi/Data_pk/pc6/8DL49zs_both_/2022.pickle,0,1.0
Hemo_predi/Data_pk/pc6/8DL49zs_both_/3165.pickle,0,1.0
Hemo_predi/Data_pk/pc6/8DL49zs_both_/19217.pickle,0,1.0
Hemo_predi/Data_pk/pc6/8DL49zs_both_/14108.pickle,0,1.0
Hemo_predi/Data_pk/pc6/8DL49zs_both_/18526.pickle,0,1.0
Hemo_predi/Data_pk/pc6/8DL49zs_both_/1442.pickle,0,1.0
Hemo_predi/Data_pk/pc6/8DL49zs_both_/15089.pickle,0,1.0
Hemo_predi/Data_pk/pc6/8DL49zs_both_/4205.pickle,0,1.0
Hemo_predi/Data_pk/pc6/8DL49zs_both_/5524.pickle,0,1.0
Hemo_predi/Data_pk/pc6/8DL49zs_both_/12671.pickle,0,1.0
Hemo_predi/Data_pk/pc6/8DL49zs_both_/10344.pickle,0,1.0
Hemo_predi/Data_pk/pc6/8DL49zs_both_/15091.pickle,0,1.0
Hemo_predi/Data_pk/pc6/8DL49zs_both_/11350.pickle,0,1.0
Hemo_predi/Data_pk/pc6/8DL49zs_both_/18131.pickle,0,1.0
Hemo_predi/Data_pk/pc6/8DL49zs_both_/5522.pickle,0,1.0
Hemo_predi/Data_pk/pc6/8DL49zs_both_/8611.pickle,0,1.0
Hemo_predi/Data_pk/pc6/8DL49zs_both_/16331.pickle,0,1.0
Hemo_predi/Data_pk/pc6/8DL49zs_both_/10357.pickle,0,1.0
Hemo_predi/Data_pk/pc6/8DL49zs_both_/5549.pickle,0,1.0
Hemo_predi/Data_pk/pc6/8DL49zs_both_/10971.pickle,0,1.0
Hemo_predi/Data_pk/pc6/8DL49zs_both_/5471.pickle,0,1.0
Hemo_predi/Data_pk/pc6/8DL49zs_both_/6208.pickle,0,1.0
Hemo_predi/Data_pk/pc6/8DL49zs_both_/5616.pickle,0,1.0
Hemo_predi/Data_pk/pc6/8DL49zs_both_/5624.pickle,0,1.0
Hemo_predi/Data_pk/pc6/8DL49zs_both_/11362.pickle,0,1.0
Hemo_predi/Data_pk/pc6/8DL49zs_both_/7952.pickle,0,1.0
Hemo_predi/Data_pk/pc6/8DL49zs_both_/7943.pickle,0,1.0
Hemo_predi/Data_pk/pc6/8DL49zs_both_/5618.pickle,0,1.0
Hemo_predi/Data_pk/pc6/8DL49zs_both_/9675.pickle,0,1.0
Hemo_predi/Data_pk/pc6/8DL49zs_both_/16333.pickle,0,1.0
Hemo_predi/Data_pk/pc6/8DL49zs_both_/6375.pickle,0,1.0
Hemo_predi/Data_pk/pc6/8DL49zs_both_/8157.pickle,0,1.0
Hemo_predi/Data_pk/pc6/8DL49zs_both_/11700.pickle,0,1.0
Hemo_predi/Data_pk/pc6/8DL49zs_both_/11735.pickle,0,1.0
Hemo_predi/Data_pk/pc6/8DL49zs_both_/19780.pickle,0,1.0
Hemo_predi/Data_pk/pc6/8DL49zs_both_/4640.pickle,0,1.0
Hemo_predi/Data_pk/pc6/8DL49zs_both_/11748.pickle,0,1.0
Hemo_predi/Data_pk/pc6/8DL49zs_both_/11758.pickle,0,1.0
Hemo_predi/Data_pk/pc6/8DL49zs_both_/9965.pickle,0,1.0
Hemo_predi/Data_pk/pc6/8DL49zs_both_/4632.pickle,0,1.0
Hemo_predi/Data_pk/pc6/8DL49zs_both_/14138.pickle,0,1.0
Hemo_predi/Data_pk/pc6/8DL49zs_both_/16570.pickle,0,1.0
Hemo_predi/Data_pk/pc6/8DL49zs_both_/5890.pickle,0,1.0
Hemo_predi/Data_pk/pc6/8DL49zs_both_/2848.pickle,0,1.0
Hemo_predi/Data_pk/pc6/8DL49zs_both_/11264.pickle,0,1.0
Hemo_predi/Data_pk/pc6/8DL49zs_both_/7583.pickle,0,1.0
Hemo_predi/Data_pk/pc6/8DL49zs_both_/11760.pickle,0,1.0
Hemo_predi/Data_pk/pc6/8DL49zs_both_/2843.pickle,0,1.0
Hemo_predi/Data_pk/pc6/8DL49zs_both_/1476.pickle,0,1.0
Hemo_predi/Data_pk/pc6/8DL49zs_both_/4113.pickle,0,1.0
Hemo_predi/Data_pk/pc6/8DL49zs_both_/14219.pickle,0,1.0
Hemo_predi/Data_pk/pc6/8DL49zs_both_/16912.pickle,0,1.0
Hemo_predi/Data_pk/pc6/8DL49zs_both_/3242.pickle,0,1.0
Hemo_predi/Data_pk/pc6/8DL49zs_both_/10947.pickle,0,1.0
Hemo_predi/Data_pk/pc6/8DL49zs_both_/14720.pickle,0,1.0
Hemo_predi/Data_pk/pc6/8DL49zs_both_/18145.pickle,0,1.0
Hemo_predi/Data_pk/pc6/8DL49zs_both_/5467.pickle,0,1.0
Hemo_predi/Data_pk/pc6/8DL49zs_both_/10946.pickle,0,1.0
Hemo_predi/Data_pk/pc6/8DL49zs_both_/5056.pickle,0,1.0
Hemo_predi/Data_pk/pc6/8DL49zs_both_/5275.pickle,0,1.0
Hemo_predi/Data_pk/pc6/8DL49zs_both_/5054.pickle,0,1.0
Hemo_predi/Data_pk/pc6/8DL49zs_both_/9876.pickle,0,1.0
Hemo_predi/Data_pk/pc6/8DL49zs_both_/10961.pickle,0,1.0
Hemo_predi/Data_pk/pc6/8DL49zs_both_/16002.pickle,0,1.0
Hemo_predi/Data_pk/pc6/8DL49zs_both_/11260.pickle,0,1.0
Hemo_predi/Data_pk/pc6/8DL49zs_both_/16520.pickle,0,1.0
Hemo_predi/Data_pk/pc6/8DL49zs_both_/7385.pickle,0,1.0
Hemo_predi/Data_pk/pc6/8DL49zs_both_/895.pickle,0,1.0
Hemo_predi/Data_pk/pc6/8DL49zs_both_/11257.pickle,0,1.0
Hemo_predi/Data_pk/pc6/8DL49zs_both_/11250.pickle,0,1.0
Hemo_predi/Data_pk/pc6/8DL49zs_both_/12523.pickle,0,1.0
Hemo_predi/Data_pk/pc6/8DL49zs_both_/17350.pickle,0,1.0
Hemo_predi/Data_pk/pc6/8DL49zs_both_/4651.pickle,0,1.0
Hemo_predi/Data_pk/pc6/8DL49zs_both_/17222.pickle,0,1.0
Hemo_predi/Data_pk/pc6/8DL49zs_both_/19399.pickle,0,1.0
Hemo_predi/Data_pk/pc6/8DL49zs_both_/5130.pickle,0,1.0
Hemo_predi/Data_pk/pc6/8DL49zs_both_/17224.pickle,0,1.0
Hemo_predi/Data_pk/pc6/8DL49zs_both_/485.pickle,0,1.0
Hemo_predi/Data_pk/pc6/8DL49zs_both_/13663.pickle,0,1.0
Hemo_predi/Data_pk/pc6/8DL49zs_both_/4929.pickle,0,1.0
Hemo_predi/Data_pk/pc6/8DL49zs_both_/20173.pickle,1,1.0
Hemo_predi/Data_pk/pc6/8DL49zs_both_/10305.pickle,1,1.0
Hemo_predi/Data_pk/pc6/8DL49zs_both_/3587.pickle,1,1.0
Hemo_predi/Data_pk/pc6/8DL49zs_both_/16232.pickle,1,1.0
Hemo_predi/Data_pk/pc6/8DL49zs_both_/10304.pickle,1,1.0
Hemo_predi/Data_pk/pc6/8DL49zs_both_/10701.pickle,1,1.0
Hemo_predi/Data_pk/pc6/8DL49zs_both_/12140.pickle,1,1.0
Hemo_predi/Data_pk/pc6/8DL49zs_both_/19769.pickle,1,1.0
Hemo_predi/Data_pk/pc6/8DL49zs_both_/5017.pickle,1,1.0
Hemo_predi/Data_pk/pc6/8DL49zs_both_/13463.pickle,1,1.0
Hemo_predi/Data_pk/pc6/8DL49zs_both_/18164.pickle,1,1.0
Hemo_predi/Data_pk/pc6/8DL49zs_both_/4618.pickle,1,1.0
Hemo_predi/Data_pk/pc6/8DL49zs_both_/2255.pickle,1,1.0
Hemo_predi/Data_pk/pc6/8DL49zs_both_/520.pickle,1,1.0
Hemo_predi/Data_pk/pc6/8DL49zs_both_/16222.pickle,1,1.0
Hemo_predi/Data_pk/pc6/8DL49zs_both_/13348.pickle,1,1.0
Hemo_predi/Data_pk/pc6/8DL49zs_both_/1240.pickle,1,1.0
Hemo_predi/Data_pk/pc6/8DL49zs_both_/3561.pickle,1,1.0
Hemo_predi/Data_pk/pc6/8DL49zs_both_/2203.pickle,1,1.0
Hemo_predi/Data_pk/pc6/8DL49zs_both_/3476.pickle,1,1.0
Hemo_predi/Data_pk/pc6/8DL49zs_both_/3078.pickle,1,1.0
Hemo_predi/Data_pk/pc6/8DL49zs_both_/17121.pickle,1,1.0
Hemo_predi/Data_pk/pc6/8DL49zs_both_/19489.pickle,1,1.0
Hemo_predi/Data_pk/pc6/8DL49zs_both_/3377.pickle,1,1.0
Hemo_predi/Data_pk/pc6/8DL49zs_both_/10216.pickle,1,1.0
Hemo_predi/Data_pk/pc6/8DL49zs_both_/3553.pickle,1,1.0
Hemo_predi/Data_pk/pc6/8DL49zs_both_/14263.pickle,1,1.0
Hemo_predi/Data_pk/pc6/8DL49zs_both_/2162.pickle,1,1.0
Hemo_predi/Data_pk/pc6/8DL49zs_both_/11305.pickle,1,1.0
Hemo_predi/Data_pk/pc6/8DL49zs_both_/4954.pickle,1,1.0
Hemo_predi/Data_pk/pc6/8DL49zs_both_/17045.pickle,1,1.0
Hemo_predi/Data_pk/pc6/8DL49zs_both_/18519.pickle,1,1.0
Hemo_predi/Data_pk/pc6/8DL49zs_both_/16247.pickle,1,1.0
Hemo_predi/Data_pk/pc6/8DL49zs_both_/15843.pickle,1,1.0
Hemo_predi/Data_pk/pc6/8DL49zs_both_/5722.pickle,1,1.0
Hemo_predi/Data_pk/pc6/8DL49zs_both_/3480.pickle,1,1.0
Hemo_predi/Data_pk/pc6/8DL49zs_both_/6652.pickle,1,1.0
Hemo_predi/Data_pk/pc6/8DL49zs_both_/19244.pickle,1,1.0
Hemo_predi/Data_pk/pc6/8DL49zs_both_/17111.pickle,1,1.0
Hemo_predi/Data_pk/pc6/8DL49zs_both_/6963.pickle,1,1.0
Hemo_predi/Data_pk/pc6/8DL49zs_both_/13501.pickle,1,1.0
Hemo_predi/Data_pk/pc6/8DL49zs_both_/14045.pickle,1,1.0
Hemo_predi/Data_pk/pc6/8DL49zs_both_/727.pickle,1,1.0
Hemo_predi/Data_pk/pc6/8DL49zs_both_/14780.pickle,1,1.0
Hemo_predi/Data_pk/pc6/8DL49zs_both_/12612.pickle,1,1.0
Hemo_predi/Data_pk/pc6/8DL49zs_both_/9924.pickle,1,1.0
Hemo_predi/Data_pk/pc6/8DL49zs_both_/10695.pickle,1,1.0
Hemo_predi/Data_pk/pc6/8DL49zs_both_/5018.pickle,1,1.0
Hemo_predi/Data_pk/pc6/8DL49zs_both_/13347.pickle,1,1.0
Hemo_predi/Data_pk/pc6/8DL49zs_both_/2446.pickle,1,1.0
Hemo_predi/Data_pk/pc6/8DL49zs_both_/1882.pickle,1,1.0
Hemo_predi/Data_pk/pc6/8DL49zs_both_/1129.pickle,1,1.0
Hemo_predi/Data_pk/pc6/8DL49zs_both_/14401.pickle,1,1.0
Hemo_predi/Data_pk/pc6/8DL49zs_both_/9363.pickle,1,1.0
Hemo_predi/Data_pk/pc6/8DL49zs_both_/2383.pickle,1,1.0
Hemo_predi/Data_pk/pc6/8DL49zs_both_/4217.pickle,1,1.0
Hemo_predi/Data_pk/pc6/8DL49zs_both_/2495.pickle,1,1.0
Hemo_predi/Data_pk/pc6/8DL49zs_both_/6167.pickle,1,1.0
Hemo_predi/Data_pk/pc6/8DL49zs_both_/13370.pickle,1,1.0
Hemo_predi/Data_pk/pc6/8DL49zs_both_/778.pickle,1,1.0
Hemo_predi/Data_pk/pc6/8DL49zs_both_/1106.pickle,1,1.0
Hemo_predi/Data_pk/pc6/8DL49zs_both_/4278.pickle,1,1.0
Hemo_predi/Data_pk/pc6/8DL49zs_both_/4731.pickle,1,1.0
Hemo_predi/Data_pk/pc6/8DL49zs_both_/18727.pickle,1,1.0
Hemo_predi/Data_pk/pc6/8DL49zs_both_/10121.pickle,1,1.0
Hemo_predi/Data_pk/pc6/8DL49zs_both_/19143.pickle,1,1.0
Hemo_predi/Data_pk/pc6/8DL49zs_both_/5237.pickle,1,1.0
Hemo_predi/Data_pk/pc6/8DL49zs_both_/4160.pickle,1,1.0
Hemo_predi/Data_pk/pc6/8DL49zs_both_/1523.pickle,1,1.0
Hemo_predi/Data_pk/pc6/8DL49zs_both_/4283.pickle,1,1.0
Hemo_predi/Data_pk/pc6/8DL49zs_both_/18782.pickle,1,1.0
Hemo_predi/Data_pk/pc6/8DL49zs_both_/18781.pickle,1,1.0
Hemo_predi/Data_pk/pc6/8DL49zs_both_/5419.pickle,1,1.0
Hemo_predi/Data_pk/pc6/8DL49zs_both_/7944.pickle,1,1.0
Hemo_predi/Data_pk/pc6/8DL49zs_both_/4193.pickle,1,1.0
Hemo_predi/Data_pk/pc6/8DL49zs_both_/3355.pickle,1,1.0
Hemo_predi/Data_pk/pc6/8DL49zs_both_/16332.pickle,1,1.0
Hemo_predi/Data_pk/pc6/8DL49zs_both_/3192.pickle,1,1.0
Hemo_predi/Data_pk/pc6/8DL49zs_both_/2256.pickle,1,1.0
Hemo_predi/Data_pk/pc6/8DL49zs_both_/10828.pickle,1,1.0
Hemo_predi/Data_pk/pc6/8DL49zs_both_/4189.pickle,1,1.0
Hemo_predi/Data_pk/pc6/8DL49zs_both_/972.pickle,1,1.0
Hemo_predi/Data_pk/pc6/8DL49zs_both_/2259.pickle,1,1.0
Hemo_predi/Data_pk/pc6/8DL49zs_both_/4285.pickle,1,1.0
Hemo_predi/Data_pk/pc6/8DL49zs_both_/3567.pickle,1,1.0
Hemo_predi/Data_pk/pc6/8DL49zs_both_/13854.pickle,1,1.0
Hemo_predi/Data_pk/pc6/8DL49zs_both_/5362.pickle,1,1.0
Hemo_predi/Data_pk/pc6/8DL49zs_both_/126.pickle,1,1.0
Hemo_predi/Data_pk/pc6/8DL49zs_both_/12236.pickle,1,1.0
Hemo_predi/Data_pk/pc6/8DL49zs_both_/10544.pickle,1,1.0
Hemo_predi/Data_pk/pc6/8DL49zs_both_/1410.pickle,1,1.0
Hemo_predi/Data_pk/pc6/8DL49zs_both_/4469.pickle,1,1.0
Hemo_predi/Data_pk/pc6/8DL49zs_both_/10541.pickle,1,1.0
Hemo_predi/Data_pk/pc6/8DL49zs_both_/964.pickle,1,1.0
Hemo_predi/Data_pk/pc6/8DL49zs_both_/2400.pickle,1,1.0
Hemo_predi/Data_pk/pc6/8DL49zs_both_/13372.pickle,1,1.0
Hemo_predi/Data_pk/pc6/8DL49zs_both_/13912.pickle,1,1.0
Hemo_predi/Data_pk/pc6/8DL49zs_both_/7930.pickle,1,1.0
Hemo_predi/Data_pk/pc6/8DL49zs_both_/5615.pickle,1,1.0
Hemo_predi/Data_pk/pc6/8DL49zs_both_/6932.pickle,1,1.0
Hemo_predi/Data_pk/pc6/8DL49zs_both_/8609.pickle,1,1.0
Hemo_predi/Data_pk/pc6/8DL49zs_both_/13368.pickle,1,1.0
Hemo_predi/Data_pk/pc6/8DL49zs_both_/4884.pickle,1,1.0
Hemo_predi/Data_pk/pc6/8DL49zs_both_/4115.pickle,1,1.0
Hemo_predi/Data_pk/pc6/8DL49zs_both_/3175.pickle,1,1.0
Hemo_predi/Data_pk/pc6/8DL49zs_both_/3100.pickle,1,1.0
Hemo_predi/Data_pk/pc6/8DL49zs_both_/2000.pickle,1,1.0
Hemo_predi/Data_pk/pc6/8DL49zs_both_/5411.pickle,1,1.0
Hemo_predi/Data_pk/pc6/8DL49zs_both_/8031.pickle,1,1.0
Hemo_predi/Data_pk/pc6/8DL49zs_both_/16143.pickle,1,1.0
Hemo_predi/Data_pk/pc6/8DL49zs_both_/4927.pickle,1,1.0
Hemo_predi/Data_pk/pc6/8DL49zs_both_/111.pickle,1,1.0
Hemo_predi/Data_pk/pc6/8DL49zs_both_/618.pickle,1,1.0
Hemo_predi/Data_pk/pc6/8DL49zs_both_/8030.pickle,1,1.0
Hemo_predi/Data_pk/pc6/8DL49zs_both_/19006.pickle,1,1.0
Hemo_predi/Data_pk/pc6/8DL49zs_both_/4543.pickle,1,1.0
Hemo_predi/Data_pk/pc6/8DL49zs_both_/16895.pickle,1,1.0
Hemo_predi/Data_pk/pc6/8DL49zs_both_/8437.pickle,1,1.0
Hemo_predi/Data_pk/pc6/8DL49zs_both_/5352.pickle,1,1.0
Hemo_predi/Data_pk/pc6/8DL49zs_both_/2716.pickle,1,1.0
Hemo_predi/Data_pk/pc6/8DL49zs_both_/8900.pickle,1,1.0
Hemo_predi/Data_pk/pc6/8DL49zs_both_/19671.pickle,1,1.0
Hemo_predi/Data_pk/pc6/8DL49zs_both_/4334.pickle,1,1.0
Hemo_predi/Data_pk/pc6/8DL49zs_both_/10404.pickle,1,1.0
Hemo_predi/Data_pk/pc6/8DL49zs_both_/10603.pickle,1,1.0
Hemo_predi/Data_pk/pc6/8DL49zs_both_/9959.pickle,1,1.0
Hemo_predi/Data_pk/pc6/8DL49zs_both_/6980.pickle,1,1.0
Hemo_predi/Data_pk/pc6/8DL49zs_both_/10830.pickle,1,1.0
Hemo_predi/Data_pk/pc6/8DL49zs_both_/10217.pickle,1,1.0
Hemo_predi/Data_pk/pc6/8DL49zs_both_/8805.pickle,1,1.0
Hemo_predi/Data_pk/pc6/8DL49zs_both_/2504.pickle,1,1.0
Hemo_predi/Data_pk/pc6/8DL49zs_both_/16862.pickle,1,1.0
Hemo_predi/Data_pk/pc6/8DL49zs_both_/704.pickle,1,1.0
Hemo_predi/Data_pk/pc6/8DL49zs_both_/8047.pickle,1,1.0
Hemo_predi/Data_pk/pc6/8DL49zs_both_/8807.pickle,1,1.0
Hemo_predi/Data_pk/pc6/8DL49zs_both_/16609.pickle,1,1.0
Hemo_predi/Data_pk/pc6/8DL49zs_both_/14139.pickle,1,1.0
Hemo_predi/Data_pk/pc6/8DL49zs_both_/10437.pickle,1,1.0
Hemo_predi/Data_pk/pc6/8DL49zs_both_/13726.pickle,1,1.0
Hemo_predi/Data_pk/pc6/8DL49zs_both_/2167.pickle,1,1.0
Hemo_predi/Data_pk/pc6/8DL49zs_both_/19524.pickle,1,1.0
Hemo_predi/Data_pk/pc6/8DL49zs_both_/109.pickle,1,1.0
Hemo_predi/Data_pk/pc6/8DL49zs_both_/20013.pickle,1,1.0
Hemo_predi/Data_pk/pc6/8DL49zs_both_/19523.pickle,1,1.0
Hemo_predi/Data_pk/pc6/8DL49zs_both_/5406.pickle,1,1.0
Hemo_predi/Data_pk/pc6/8DL49zs_both_/12958.pickle,1,1.0
Hemo_predi/Data_pk/pc6/8DL49zs_both_/5000.pickle,1,1.0
Hemo_predi/Data_pk/pc6/8DL49zs_both_/16621.pickle,1,1.0
Hemo_predi/Data_pk/pc6/8DL49zs_both_/5687.pickle,1,1.0
Hemo_predi/Data_pk/pc6/8DL49zs_both_/4590.pickle,1,1.0
Hemo_predi/Data_pk/pc6/8DL49zs_both_/17303.pickle,1,1.0
Hemo_predi/Data_pk/pc6/8DL49zs_both_/11853.pickle,1,1.0
Hemo_predi/Data_pk/pc6/8DL49zs_both_/1520.pickle,0,1.0
Hemo_predi/Data_pk/pc6/8DL49zs_both_/3442.pickle,0,1.0
Hemo_predi/Data_pk/pc6/8DL49zs_both_/4659.pickle,0,1.0
Hemo_predi/Data_pk/pc6/8DL49zs_both_/7853.pickle,0,1.0
Hemo_predi/Data_pk/pc6/8DL49zs_both_/12687.pickle,0,1.0
Hemo_predi/Data_pk/pc6/8DL49zs_both_/9571.pickle,0,1.0
Hemo_predi/Data_pk/pc6/8DL49zs_both_/18171.pickle,0,1.0
Hemo_predi/Data_pk/pc6/8DL49zs_both_/9572.pickle,0,1.0
Hemo_predi/Data_pk/pc6/8DL49zs_both_/11551.pickle,0,1.0
Hemo_predi/Data_pk/pc6/8DL49zs_both_/3465.pickle,0,1.0
Hemo_predi/Data_pk/pc6/8DL49zs_both_/19009.pickle,0,1.0
Hemo_predi/Data_pk/pc6/8DL49zs_both_/4667.pickle,0,1.0
Hemo_predi/Data_pk/pc6/8DL49zs_both_/16500.pickle,0,1.0
Hemo_predi/Data_pk/pc6/8DL49zs_both_/17011.pickle,0,1.0
Hemo_predi/Data_pk/pc6/8DL49zs_both_/18463.pickle,0,1.0
Hemo_predi/Data_pk/pc6/8DL49zs_both_/1518.pickle,0,1.0
Hemo_predi/Data_pk/pc6/8DL49zs_both_/6385.pickle,0,1.0
Hemo_predi/Data_pk/pc6/8DL49zs_both_/14732.pickle,0,1.0
Hemo_predi/Data_pk/pc6/8DL49zs_both_/11539.pickle,0,1.0
Hemo_predi/Data_pk/pc6/8DL49zs_both_/6384.pickle,0,1.0
Hemo_predi/Data_pk/pc6/8DL49zs_both_/14725.pickle,0,1.0
Hemo_predi/Data_pk/pc6/8DL49zs_both_/12330.pickle,0,1.0
Hemo_predi/Data_pk/pc6/8DL49zs_both_/942.pickle,0,1.0
Hemo_predi/Data_pk/pc6/8DL49zs_both_/273.pickle,0,1.0
Hemo_predi/Data_pk/pc6/8DL49zs_both_/1061.pickle,0,1.0
Hemo_predi/Data_pk/pc6/8DL49zs_both_/4111.pickle,0,1.0
Hemo_predi/Data_pk/pc6/8DL49zs_both_/5057.pickle,0,1.0
Hemo_predi/Data_pk/pc6/8DL49zs_both_/8996.pickle,0,1.0
Hemo_predi/Data_pk/pc6/8DL49zs_both_/13448.pickle,0,1.0
Hemo_predi/Data_pk/pc6/8DL49zs_both_/7919.pickle,0,1.0
Hemo_predi/Data_pk/pc6/8DL49zs_both_/14164.pickle,0,1.0
Hemo_predi/Data_pk/pc6/8DL49zs_both_/18464.pickle,0,1.0
Hemo_predi/Data_pk/pc6/8DL49zs_both_/12792.pickle,0,1.0
Hemo_predi/Data_pk/pc6/8DL49zs_both_/13689.pickle,0,1.0
Hemo_predi/Data_pk/pc6/8DL49zs_both_/8876.pickle,0,1.0
Hemo_predi/Data_pk/pc6/8DL49zs_both_/13452.pickle,0,1.0
Hemo_predi/Data_pk/pc6/8DL49zs_both_/16909.pickle,0,1.0
Hemo_predi/Data_pk/pc6/8DL49zs_both_/2522.pickle,0,1.0
Hemo_predi/Data_pk/pc6/8DL49zs_both_/7392.pickle,0,1.0
Hemo_predi/Data_pk/pc6/8DL49zs_both_/16650.pickle,0,1.0
Hemo_predi/Data_pk/pc6/8DL49zs_both_/16998.pickle,0,1.0
Hemo_predi/Data_pk/pc6/8DL49zs_both_/2529.pickle,0,1.0
Hemo_predi/Data_pk/pc6/8DL49zs_both_/16590.pickle,0,1.0
Hemo_predi/Data_pk/pc6/8DL49zs_both_/10700.pickle,0,1.0
Hemo_predi/Data_pk/pc6/8DL49zs_both_/2525.pickle,0,1.0
Hemo_predi/Data_pk/pc6/8DL49zs_both_/11223.pickle,0,1.0
Hemo_predi/Data_pk/pc6/8DL49zs_both_/8128.pickle,0,1.0
Hemo_predi/Data_pk/pc6/8DL49zs_both_/2526.pickle,0,1.0
Hemo_predi/Data_pk/pc6/8DL49zs_both_/9966.pickle,0,1.0
Hemo_predi/Data_pk/pc6/8DL49zs_both_/7439.pickle,0,1.0
Hemo_predi/Data_pk/pc6/8DL49zs_both_/16021.pickle,0,1.0
Hemo_predi/Data_pk/pc6/8DL49zs_both_/13999.pickle,0,1.0
Hemo_predi/Data_pk/pc6/8DL49zs_both_/16406.pickle,0,1.0
Hemo_predi/Data_pk/pc6/8DL49zs_both_/16176.pickle,0,1.0
Hemo_predi/Data_pk/pc6/8DL49zs_both_/16789.pickle,0,1.0
Hemo_predi/Data_pk/pc6/8DL49zs_both_/4953.pickle,0,1.0
Hemo_predi/Data_pk/pc6/8DL49zs_both_/14022.pickle,0,1.0
Hemo_predi/Data_pk/pc6/8DL49zs_both_/18751.pickle,0,1.0
Hemo_predi/Data_pk/pc6/8DL49zs_both_/12603.pickle,0,1.0
Hemo_predi/Data_pk/pc6/8DL49zs_both_/12605.pickle,0,1.0
Hemo_predi/Data_pk/pc6/8DL49zs_both_/18312.pickle,0,1.0
Hemo_predi/Data_pk/pc6/8DL49zs_both_/17306.pickle,0,1.0
Hemo_predi/Data_pk/pc6/8DL49zs_both_/13690.pickle,0,1.0
Hemo_predi/Data_pk/pc6/8DL49zs_both_/16022.pickle,0,1.0
Hemo_predi/Data_pk/pc6/8DL49zs_both_/15067.pickle,0,1.0
Hemo_predi/Data_pk/pc6/8DL49zs_both_/15888.pickle,0,1.0
Hemo_predi/Data_pk/pc6/8DL49zs_both_/4583.pickle,0,1.0
Hemo_predi/Data_pk/pc6/8DL49zs_both_/15522.pickle,0,1.0
Hemo_predi/Data_pk/pc6/8DL49zs_both_/13680.pickle,0,1.0
Hemo_predi/Data_pk/pc6/8DL49zs_both_/4970.pickle,0,1.0
Hemo_predi/Data_pk/pc6/8DL49zs_both_/945.pickle,0,1.0
Hemo_predi/Data_pk/pc6/8DL49zs_both_/13676.pickle,0,1.0
Hemo_predi/Data_pk/pc6/8DL49zs_both_/10744.pickle,0,1.0
Hemo_predi/Data_pk/pc6/8DL49zs_both_/19111.pickle,0,1.0
Hemo_predi/Data_pk/pc6/8DL49zs_both_/10339.pickle,0,1.0
Hemo_predi/Data_pk/pc6/8DL49zs_both_/2598.pickle,0,1.0
Hemo_predi/Data_pk/pc6/8DL49zs_both_/10916.pickle,0,1.0
Hemo_predi/Data_pk/pc6/8DL49zs_both_/1503.pickle,0,1.0
Hemo_predi/Data_pk/pc6/8DL49zs_both_/13742.pickle,0,1.0
Hemo_predi/Data_pk/pc6/8DL49zs_both_/17526.pickle,0,1.0
Hemo_predi/Data_pk/pc6/8DL49zs_both_/4536.pickle,0,1.0
Hemo_predi/Data_pk/pc6/8DL49zs_both_/4725.pickle,0,1.0
Hemo_predi/Data_pk/pc6/8DL49zs_both_/8441.pickle,0,1.0
Hemo_predi/Data_pk/pc6/8DL49zs_both_/10917.pickle,0,1.0
Hemo_predi/Data_pk/pc6/8DL49zs_both_/1011.pickle,0,1.0
Hemo_predi/Data_pk/pc6/8DL49zs_both_/8050.pickle,0,1.0
Hemo_predi/Data_pk/pc6/8DL49zs_both_/13745.pickle,0,1.0
Hemo_predi/Data_pk/pc6/8DL49zs_both_/13023.pickle,0,1.0
Hemo_predi/Data_pk/pc6/8DL49zs_both_/4150.pickle,0,1.0
Hemo_predi/Data_pk/pc6/8DL49zs_both_/918.pickle,0,1.0
Hemo_predi/Data_pk/pc6/8DL49zs_both_/5556.pickle,0,1.0
Hemo_predi/Data_pk/pc6/8DL49zs_both_/5401.pickle,0,1.0
Hemo_predi/Data_pk/pc6/8DL49zs_both_/7390.pickle,0,1.0
Hemo_predi/Data_pk/pc6/8DL49zs_both_/2318.pickle,0,1.0
Hemo_predi/Data_pk/pc6/8DL49zs_both_/10066.pickle,0,1.0
Hemo_predi/Data_pk/pc6/8DL49zs_both_/4123.pickle,0,1.0
Hemo_predi/Data_pk/pc6/8DL49zs_both_/2363.pickle,0,1.0
Hemo_predi/Data_pk/pc6/8DL49zs_both_/11166.pickle,0,1.0
Hemo_predi/Data_pk/pc6/8DL49zs_both_/12436.pickle,0,1.0
Hemo_predi/Data_pk/pc6/8DL49zs_both_/13417.pickle,0,1.0
Hemo_predi/Data_pk/pc6/8DL49zs_both_/10889.pickle,0,1.0
Hemo_predi/Data_pk/pc6/8DL49zs_both_/4158.pickle,0,1.0
Hemo_predi/Data_pk/pc6/8DL49zs_both_/13731.pickle,0,1.0
Hemo_predi/Data_pk/pc6/8DL49zs_both_/5403.pickle,0,1.0
Hemo_predi/Data_pk/pc6/8DL49zs_both_/11188.pickle,0,1.0
Hemo_predi/Data_pk/pc6/8DL49zs_both_/16497.pickle,0,1.0
Hemo_predi/Data_pk/pc6/8DL49zs_both_/7964.pickle,0,1.0
Hemo_predi/Data_pk/pc6/8DL49zs_both_/5970.pickle,0,1.0
Hemo_predi/Data_pk/pc6/8DL49zs_both_/869.pickle,0,1.0
Hemo_predi/Data_pk/pc6/8DL49zs_both_/5243.pickle,0,1.0
Hemo_predi/Data_pk/pc6/8DL49zs_both_/7391.pickle,0,1.0
Hemo_predi/Data_pk/pc6/8DL49zs_both_/19293.pickle,0,1.0
Hemo_predi/Data_pk/pc6/8DL49zs_both_/15760.pickle,0,1.0
Hemo_predi/Data_pk/pc6/8DL49zs_both_/18130.pickle,0,1.0
Hemo_predi/Data_pk/pc6/8DL49zs_both_/14165.pickle,0,1.0
Hemo_predi/Data_pk/pc6/8DL49zs_both_/8958.pickle,0,1.0
Hemo_predi/Data_pk/pc6/8DL49zs_both_/11733.pickle,0,1.0
Hemo_predi/Data_pk/pc6/8DL49zs_both_/567.pickle,0,1.0
Hemo_predi/Data_pk/pc6/8DL49zs_both_/13884.pickle,0,1.0
Hemo_predi/Data_pk/pc6/8DL49zs_both_/6370.pickle,0,1.0
Hemo_predi/Data_pk/pc6/8DL49zs_both_/12895.pickle,0,1.0
Hemo_predi/Data_pk/pc6/8DL49zs_both_/19734.pickle,0,1.0
Hemo_predi/Data_pk/pc6/8DL49zs_both_/2352.pickle,0,1.0
Hemo_predi/Data_pk/pc6/8DL49zs_both_/11747.pickle,0,1.0
Hemo_predi/Data_pk/pc6/8DL49zs_both_/1483.pickle,0,1.0
Hemo_predi/Data_pk/pc6/8DL49zs_both_/5271.pickle,0,1.0
Hemo_predi/Data_pk/pc6/8DL49zs_both_/17049.pickle,0,1.0
Hemo_predi/Data_pk/pc6/8DL49zs_both_/13993.pickle,0,1.0
Hemo_predi/Data_pk/pc6/8DL49zs_both_/17050.pickle,0,1.0
Hemo_predi/Data_pk/pc6/8DL49zs_both_/11756.pickle,0,1.0
Hemo_predi/Data_pk/pc6/8DL49zs_both_/5452.pickle,0,1.0
Hemo_predi/Data_pk/pc6/8DL49zs_both_/11752.pickle,0,1.0
Hemo_predi/Data_pk/pc6/8DL49zs_both_/17052.pickle,0,1.0
Hemo_predi/Data_pk/pc6/8DL49zs_both_/4634.pickle,0,1.0
Hemo_predi/Data_pk/pc6/8DL49zs_both_/1517.pickle,0,1.0
Hemo_predi/Data_pk/pc6/8DL49zs_both_/2847.pickle,0,1.0
Hemo_predi/Data_pk/pc6/8DL49zs_both_/7652.pickle,0,1.0
Hemo_predi/Data_pk/pc6/8DL49zs_both_/9676.pickle,0,1.0
Hemo_predi/Data_pk/pc6/8DL49zs_both_/10950.pickle,0,1.0
Hemo_predi/Data_pk/pc6/8DL49zs_both_/2350.pickle,0,1.0
Hemo_predi/Data_pk/pc6/8DL49zs_both_/10948.pickle,0,1.0
Hemo_predi/Data_pk/pc6/8DL49zs_both_/2266.pickle,0,1.0
Hemo_predi/Data_pk/pc6/8DL49zs_both_/5475.pickle,0,1.0
Hemo_predi/Data_pk/pc6/8DL49zs_both_/10214.pickle,0,1.0
Hemo_predi/Data_pk/pc6/8DL49zs_both_/16911.pickle,0,1.0
Hemo_predi/Data_pk/pc6/8DL49zs_both_/12639.pickle,0,1.0
Hemo_predi/Data_pk/pc6/8DL49zs_both_/10945.pickle,0,1.0
Hemo_predi/Data_pk/pc6/8DL49zs_both_/2357.pickle,0,1.0
Hemo_predi/Data_pk/pc6/8DL49zs_both_/7485.pickle,0,1.0
Hemo_predi/Data_pk/pc6/8DL49zs_both_/10124.pickle,0,1.0
Hemo_predi/Data_pk/pc6/8DL49zs_both_/5206.pickle,0,1.0
Hemo_predi/Data_pk/pc6/8DL49zs_both_/16580.pickle,0,1.0
Hemo_predi/Data_pk/pc6/8DL49zs_both_/15087.pickle,0,1.0
Hemo_predi/Data_pk/pc6/8DL49zs_both_/233.pickle,0,1.0
Hemo_predi/Data_pk/pc6/8DL49zs_both_/17219.pickle,0,1.0
Hemo_predi/Data_pk/pc6/8DL49zs_both_/14006.pickle,0,1.0
Hemo_predi/Data_pk/pc6/8DL49zs_both_/11252.pickle,0,1.0
Hemo_predi/Data_pk/pc6/8DL49zs_both_/486.pickle,0,1.0
Hemo_predi/Data_pk/pc6/8DL49zs_both_/5854.pickle,0,1.0
Hemo_predi/Data_pk/pc6/8DL49zs_both_/17065.pickle,0,1.0
Hemo_predi/Data_pk/pc6/8DL49zs_both_/17221.pickle,0,1.0
Hemo_predi/Data_pk/pc6/8DL49zs_both_/10405.pickle,0,1.0
Hemo_predi/Data_pk/pc6/8DL49zs_both_/17237.pickle,0,1.0
Hemo_predi/Data_pk/pc6/8DL49zs_both_/12524.pickle,0,1.0
Hemo_predi/Data_pk/pc6/8DL49zs_both_/16424.pickle,0,1.0
Hemo_predi/Data_pk/pc6/8DL49zs_both_/480.pickle,0,1.0
Hemo_predi/Data_pk/pc6/8DL49zs_both_/9875.pickle,0,1.0
Hemo_predi/Data_pk/pc6/8DL49zs_both_/4648.pickle,0,1.0
